nose-x,nose-y,nose-conf,left-eye-x,left-eye-y,left-eye-conf,right-eye-x,right-eye-y,right-eye-conf,left-ear-x,left-ear-y,left-ear-conf,right-ear-x,right-ear-y,right-ear-conf,left-shoulder-x,left-shoulder-y,left-shoulder-conf,right-shoulder-x,right-shoulder-y,right-shoulder-conf,left-elbow-x,left-elbow-y,left-elbow-conf,right-elbow-x,right-elbow-y,right-elbow-conf,left-hand-x,left-hand-y,left-hand-conf,right-hand-x,right-hand-y,right-hand-conf,left-hip-x,left-hip-y,left-hip-conf,right-hip-x,right-hip-y,right-hip-conf,left-knee-x,left-knee-y,left-knee-conf,right-knee-x,right-knee-y,right-knee-conf,left-foot-x,left-foot-y,left-foot-conf,right-foot-x,right-foot-y,right-foot-conf
1682.8297424316406,929.4066047668457,0.9246273636817932,1692.0591735839844,911.8081932067871,0.9248300194740295,1687.502670288086,911.963809967041,0.04154403880238533,1735.6835021972656,921.2443733215332,0.9374870657920837,1743.3473815917969,915.2586669921875,0.1536504328250885,1742.824462890625,1007.6484832763672,0.63255375623703,1776.3247680664062,985.2585296630859,0.9078545570373535,1645.2036437988281,1100.2633514404297,0.31681960821151733,1639.8598327636719,1070.6299285888672,0.7887123227119446,1540.8593673706055,1104.3863983154297,0.35511431097984314,1515.2747802734375,1106.514877319336,0.7493801116943359,1799.3581237792969,1243.1210632324219,0.4804803729057312,1805.2081909179688,1228.9338684082031,0.6846739053726196,1694.2571563720703,1279.7178955078125,0.3614913523197174,1679.6328735351562,1251.9721374511719,0.48539236187934875,1617.5767974853516,1467.3131103515625,0.15223349630832672,1601.624740600586,1468.1702270507812,0.20114199817180634
1655.463607788086,936.4618682861328,0.7938235998153687,1663.4725341796875,922.107551574707,0.7523704767227173,1658.380615234375,920.8520431518555,0.04547645524144173,1707.9194030761719,924.7156677246094,0.899100661277771,1721.6188049316406,918.1401901245117,0.05118084326386452,1764.6165466308594,1021.3028717041016,0.6748062968254089,1739.6165466308594,996.1904449462891,0.9422239065170288,1731.1215515136719,1135.9771728515625,0.34008699655532837,1615.125244140625,1080.5518798828125,0.8708243370056152,1707.3703308105469,1128.8072509765625,0.5026530623435974,1499.061653137207,1111.3442687988281,0.8681914210319519,1779.8771057128906,1239.7229919433594,0.6765146255493164,1756.4218139648438,1223.6366271972656,0.8728480935096741,1648.0940856933594,1256.3606872558594,0.8393187522888184,1649.7721557617188,1253.7424926757812,0.9252665638923645,1627.2498474121094,1478.1455688476562,0.6984457969665527,1656.8435668945312,1468.600341796875,0.8195925354957581
1639.7772064208984,946.2822570800781,0.9209769368171692,1648.248779296875,930.6620941162109,0.949493944644928,1642.3507690429688,930.2263412475586,0.046494290232658386,1694.8944091796875,935.3234710693359,0.9619898200035095,1687.0464172363281,928.5470962524414,0.1873684972524643,1785.5924987792969,1032.5372009277344,0.7618832588195801,1715.5235595703125,1001.4180755615234,0.9456169009208679,1773.4695129394531,1172.1137084960938,0.4157082736492157,1611.9350128173828,1091.2814331054688,0.8792970180511475,1729.7870788574219,1141.0820922851562,0.4416612386703491,1494.2009735107422,1111.6634216308594,0.8297283053398132,1778.0768432617188,1232.6174926757812,0.8217593431472778,1732.91650390625,1210.0519714355469,0.9191315770149231,1653.2420501708984,1251.6326599121094,0.8887248635292053,1652.3931732177734,1253.6097106933594,0.9376485347747803,1628.959716796875,1471.6422119140625,0.7990694046020508,1684.7871704101562,1481.7564697265625,0.856400191783905
1618.1022033691406,955.8123321533203,0.9718039631843567,1629.2428588867188,941.0197677612305,0.9852134585380554,1621.2899627685547,939.1374053955078,0.09369561076164246,1677.0967864990234,948.6305618286133,0.9763489961624146,1668.895263671875,935.3181915283203,0.20819050073623657,1731.0980529785156,1034.5601654052734,0.8488264679908752,1723.8698425292969,1000.9981842041016,0.9404994249343872,1709.2867736816406,1186.6325378417969,0.5723816752433777,1622.449203491211,1097.7304992675781,0.8347163796424866,1705.4671936035156,1156.6825561523438,0.562186598777771,1509.702766418457,1102.5727233886719,0.7824481129646301,1754.9042358398438,1237.1250305175781,0.7750132083892822,1743.4922485351562,1215.6499328613281,0.8593186140060425,1642.3431243896484,1255.2543334960938,0.7850830554962158,1637.7472534179688,1241.7279968261719,0.8356742262840271,1642.2190551757812,1474.9796142578125,0.5987973809242249,1646.3480682373047,1463.6896362304688,0.6527226567268372
1568.426742553711,978.0174255371094,0.9758452773094177,1581.0579833984375,962.4360885620117,0.9911034107208252,1570.3481750488281,960.6477966308594,0.05771156772971153,1632.6608581542969,968.7872161865234,0.9778088927268982,1627.2315216064453,953.6725463867188,0.08439426869153976,1698.2662353515625,1024.349624633789,0.9266223907470703,1692.8045959472656,998.2798461914062,0.8716066479682922,1594.025161743164,1172.7029724121094,0.8740787506103516,1643.7656860351562,1104.5862884521484,0.6148771643638611,1495.3683547973633,1118.917236328125,0.8615114092826843,1543.8693389892578,1096.8521118164062,0.6420679688453674,1752.8406982421875,1215.3229064941406,0.7680014967918396,1747.6649780273438,1196.1624145507812,0.7256574630737305,1634.7864837646484,1260.519775390625,0.7382912039756775,1637.158432006836,1256.114013671875,0.6516717672348022,1643.7942504882812,1481.9265747070312,0.47691115736961365,1647.3392333984375,1476.267333984375,0.4231386184692383
1534.0237350463867,979.8815307617188,0.9786229133605957,1551.6468811035156,964.4791641235352,0.9929821491241455,1534.0418243408203,961.0948944091797,0.24898312985897064,1607.978012084961,971.6488952636719,0.961510181427002,1572.9175567626953,954.7509002685547,0.09998036921024323,1641.929916381836,1039.5373077392578,0.9416677355766296,1650.9563903808594,994.2129821777344,0.8715662360191345,1591.6449127197266,1187.5813903808594,0.8955082297325134,1632.4815368652344,1091.1765899658203,0.5896136164665222,1499.2861328125,1118.2818450927734,0.8784711360931396,1541.875129699707,1093.4104309082031,0.6218119859695435,1738.0577392578125,1215.0032653808594,0.7929372191429138,1741.8072204589844,1190.6924133300781,0.7344993948936462,1626.1566467285156,1264.3295593261719,0.7331646084785461,1633.729232788086,1257.9514770507812,0.6286588907241821,1640.6292724609375,1477.6283569335938,0.43390092253685,1647.577651977539,1472.1531982421875,0.37167856097221375
1514.8553085327148,968.0065994262695,0.9468668699264526,1528.6676864624023,953.2543029785156,0.9882358312606812,1519.0826416015625,952.9900512695312,0.05325267091393471,1588.9045715332031,962.5890426635742,0.9961898326873779,1580.2555847167969,932.8630294799805,0.016709238290786743,1631.7822570800781,1025.2137298583984,0.9501065015792847,1656.0806274414062,962.9722442626953,0.8069366216659546,1609.4279479980469,1185.4444274902344,0.9589875936508179,1638.1961364746094,1074.1502532958984,0.5407103896141052,1511.0117645263672,1122.3304138183594,0.955312192440033,1545.256202697754,1089.6700134277344,0.6929418444633484,1749.6386413574219,1199.1479187011719,0.6915370225906372,1751.0,1172.4919738769531,0.5402427315711975,1620.0060424804688,1265.1102600097656,0.7565026879310608,1636.1470489501953,1249.4518737792969,0.5502498745918274,1643.9977111816406,1485.990966796875,0.46296554803848267,1645.900405883789,1475.337158203125,0.3330087661743164
1506.710304260254,949.9537124633789,0.9584771394729614,1520.5681381225586,936.853401184082,0.9910240173339844,1508.503189086914,932.7926559448242,0.06619682908058167,1576.1993865966797,943.8511657714844,0.9887452721595764,1564.533462524414,913.1358680725098,0.07469923049211502,1628.5966491699219,1002.9343109130859,0.9403691291809082,1648.780776977539,933.2651977539062,0.877191424369812,1622.7918090820312,1172.419189453125,0.9088997840881348,1638.186767578125,1049.1531829833984,0.6820281744003296,1512.874168395996,1118.4306030273438,0.9025177955627441,1547.8875274658203,1088.1075439453125,0.7263225317001343,1744.5362548828125,1159.8890686035156,0.834192156791687,1749.0,1128.1896667480469,0.7952660918235779,1622.1571807861328,1263.0699768066406,0.7732347249984741,1643.6341094970703,1257.4667663574219,0.6919287443161011,1641.4086608886719,1481.326171875,0.4408136010169983,1658.1149597167969,1475.0420532226562,0.3886588513851166
1540.9014739990234,946.2961730957031,0.1340298354625702,1544.038314819336,933.2787246704102,0.29643571376800537,1543.0618743896484,933.8573532104492,0.0031527907121926546,1582.2455444335938,937.6973419189453,0.8863231539726257,1643.4842224121094,922.068603515625,0.02391095459461212,1626.8470611572266,1015.5038604736328,0.8650354743003845,1668.6194915771484,963.9843902587891,0.402975857257843,1625.2279968261719,1147.2692260742188,0.9583888649940491,1627.3322143554688,1007.9515686035156,0.33488842844963074,1512.1830596923828,1098.09423828125,0.9603579044342041,1548.4677276611328,1061.2377014160156,0.5715820789337158,1710.4541320800781,1166.0600280761719,0.8238148093223572,1735.7171936035156,1144.4416809082031,0.6108168363571167,1613.7777252197266,1264.8665161132812,0.9034466743469238,1642.7659606933594,1257.9814147949219,0.7165577411651611,1643.398666381836,1481.94189453125,0.7498931288719177,1654.2869110107422,1473.0206909179688,0.5568941235542297
1503.8146667480469,911.6515274047852,0.9467604160308838,1514.5232391357422,896.4273910522461,0.9813613295555115,1507.409164428711,894.4050216674805,0.03923628479242325,1578.9039001464844,902.7953796386719,0.9957277774810791,1566.9258728027344,861.3072280883789,0.014187570661306381,1626.6114349365234,939.3459930419922,0.9468734860420227,1632.1419982910156,891.6799621582031,0.7769849300384521,1601.333511352539,1100.656005859375,0.9552494287490845,1558.7169952392578,1014.29150390625,0.2893032729625702,1478.657356262207,1054.1569519042969,0.9408819675445557,1476.615837097168,1034.59765625,0.3765833377838135,1712.489990234375,1142.4176940917969,0.8316169381141663,1718.5594177246094,1122.1120300292969,0.7025344371795654,1619.6887817382812,1273.5491333007812,0.8609264492988586,1638.5562438964844,1266.845458984375,0.6791671514511108,1652.1428833007812,1476.9378051757812,0.5763903856277466,1655.310806274414,1467.6016235351562,0.4092569351196289
1497.0725479125977,874.155158996582,0.7370902895927429,1509.1465530395508,863.0293502807617,0.8569070100784302,1500.875358581543,858.5484085083008,0.02568073943257332,1560.0697479248047,867.9246673583984,0.9341358542442322,1550.5343017578125,837.317756652832,0.07939191907644272,1620.6854705810547,924.2481384277344,0.9322585463523865,1614.773941040039,860.0377655029297,0.8343667387962341,1592.376937866211,1072.5655212402344,0.9282621741294861,1581.2671356201172,916.3720703125,0.6707895994186401,1469.498779296875,1043.4102478027344,0.9140690565109253,1507.0191192626953,971.7252044677734,0.6976183652877808,1674.9502563476562,1130.6876831054688,0.9192935824394226,1672.9638977050781,1103.1567687988281,0.8845586776733398,1615.230484008789,1289.876953125,0.8546662926673889,1630.6976318359375,1279.8665771484375,0.7848636507987976,1646.6555480957031,1481.7998657226562,0.5500528216362,1659.9093170166016,1472.9581298828125,0.4881269335746765
1520.2716217041016,881.3813018798828,0.7895098328590393,1534.2851104736328,869.2559509277344,0.8320104479789734,1514.2971496582031,864.3334808349609,0.1574157029390335,1586.3518371582031,846.2768707275391,0.8253617882728577,1531.0996856689453,825.6211700439453,0.08756334334611893,1622.6954345703125,901.3441925048828,0.9120355844497681,1588.3576049804688,842.4492340087891,0.8475121855735779,1596.9471740722656,1052.1748046875,0.9269417524337769,1565.556869506836,909.4425659179688,0.7663273215293884,1471.9521255493164,1037.0967407226562,0.9309194087982178,1494.4872283935547,957.9281616210938,0.8115063905715942,1681.7242736816406,1091.5765075683594,0.9367571473121643,1655.62646484375,1068.7074890136719,0.9214409589767456,1632.7150115966797,1284.5062866210938,0.8913163542747498,1617.63330078125,1277.1919555664062,0.8564236760139465,1674.6484375,1486.4992065429688,0.6128476858139038,1646.7164916992188,1478.7109375,0.5774629712104797
1524.1931762695312,886.2249603271484,0.9135398268699646,1538.594955444336,871.755615234375,0.9306497573852539,1514.3222198486328,867.6799926757812,0.34197741746902466,1593.997329711914,840.6903305053711,0.8729920983314514,1519.3990631103516,827.7085723876953,0.1515294462442398,1621.679702758789,909.006591796875,0.9414595365524292,1592.8808135986328,850.1806030273438,0.9135527014732361,1593.9091186523438,1045.2734069824219,0.9363461136817932,1559.5093383789062,908.3220062255859,0.8385041952133179,1470.5862884521484,1033.9444885253906,0.9321945309638977,1489.3188171386719,956.2361907958984,0.8499012589454651,1672.4171447753906,1113.7634582519531,0.9539854526519775,1651.8022766113281,1092.2792358398438,0.9477875828742981,1631.1456604003906,1291.4898681640625,0.9120407700538635,1621.4594268798828,1283.6357421875,0.8922328948974609,1668.76123046875,1483.2158813476562,0.6761327385902405,1651.22119140625,1474.9527587890625,0.6559216380119324
1496.9851379394531,850.4885864257812,0.9854223728179932,1511.8785247802734,830.6502990722656,0.9891899824142456,1485.902359008789,831.2926940917969,0.7520002722740173,1560.1035461425781,818.7009582519531,0.9645780324935913,1475.7622146606445,803.4097900390625,0.11637505143880844,1588.8271484375,891.1996612548828,0.9465740919113159,1544.2302856445312,831.8108520507812,0.9237018823623657,1554.4122619628906,1025.9173889160156,0.9547826051712036,1538.403564453125,885.1163024902344,0.8360556364059448,1424.1386413574219,1004.8114624023438,0.9588015079498291,1471.8395767211914,941.3855438232422,0.8793907761573792,1678.2300720214844,1091.0233764648438,0.9025169610977173,1645.2432556152344,1073.8121643066406,0.8939688205718994,1639.0150756835938,1292.1619262695312,0.861979603767395,1611.7257080078125,1285.1715087890625,0.8267723321914673,1664.010009765625,1485.6325073242188,0.535090446472168,1630.7460327148438,1477.6207885742188,0.5115948915481567
1476.6851654052734,843.0228118896484,0.9929555654525757,1495.9227142333984,826.1447143554688,0.9947226047515869,1461.3197479248047,822.8332214355469,0.9347904920578003,1546.4754638671875,803.4693298339844,0.9582234621047974,1456.784164428711,796.6100311279297,0.3659914433956146,1571.9023132324219,870.3135528564453,0.9596118330955505,1526.8227996826172,822.3634948730469,0.9639631509780884,1508.909927368164,1009.2728881835938,0.9343042969703674,1524.106460571289,894.9338073730469,0.9170740842819214,1376.1673736572266,975.5285034179688,0.9234934449195862,1463.7459716796875,940.0878601074219,0.906355082988739,1650.7044372558594,1061.186767578125,0.9630799293518066,1635.2428894042969,1044.1166076660156,0.9668940305709839,1614.1987609863281,1275.3267211914062,0.9074214100837708,1650.2177124023438,1267.3917846679688,0.9087735414505005,1630.0339660644531,1488.906494140625,0.6079875826835632,1673.9150390625,1473.9530029296875,0.6202515363693237
1452.8617706298828,824.2470245361328,0.901404857635498,1461.2759246826172,809.4854888916016,0.947605550289154,1449.7254638671875,807.8104858398438,0.06679996103048325,1506.9605102539062,801.8480377197266,0.9689907431602478,1494.914810180664,792.8390350341797,0.1261293739080429,1566.4550170898438,867.8285980224609,0.9542620778083801,1536.6497802734375,842.283203125,0.8739944100379944,1506.0423583984375,1005.5785522460938,0.94996178150177,1505.800064086914,945.0820922851562,0.6500517129898071,1374.9318618774414,973.4628601074219,0.9313550591468811,1439.8268127441406,938.5556945800781,0.6588218212127686,1648.2310791015625,1067.44189453125,0.966238796710968,1631.1029052734375,1054.796142578125,0.9451249837875366,1631.6793823242188,1272.1718139648438,0.9423860311508179,1631.7247314453125,1267.7403564453125,0.9040970206260681,1654.4548034667969,1488.1830444335938,0.7379932403564453,1656.8436889648438,1478.53759765625,0.679368793964386
1455.1721801757812,829.9611358642578,0.9952367544174194,1474.0645904541016,810.7511901855469,0.9971126317977905,1438.628921508789,809.2535705566406,0.9529505968093872,1522.8927459716797,786.0838470458984,0.9759687781333923,1432.1188049316406,789.1799926757812,0.33276477456092834,1562.7783813476562,853.9341430664062,0.9618300199508667,1486.3344421386719,812.746337890625,0.9439525604248047,1497.9564971923828,999.9835205078125,0.9403594136238098,1534.0690002441406,872.4988250732422,0.839343249797821,1362.563331604004,973.8418579101562,0.9225262999534607,1471.1224670410156,899.7241058349609,0.8177007436752319,1635.5522155761719,1040.2429504394531,0.9717440605163574,1564.6409301757812,1031.2637329101562,0.9678529500961304,1621.6119689941406,1265.7310791015625,0.9414143562316895,1570.5159606933594,1237.4801025390625,0.9292160868644714,1655.5630493164062,1489.1244506835938,0.7111308574676514,1639.3267211914062,1457.2180786132812,0.7003434300422668
1447.6580047607422,820.8024139404297,0.9887657165527344,1464.5689086914062,804.0842590332031,0.993025541305542,1433.6539459228516,801.2613067626953,0.870438277721405,1516.2269744873047,779.9153900146484,0.9748218059539795,1431.1751556396484,779.7115478515625,0.272355318069458,1557.8656921386719,850.8797760009766,0.9638518691062927,1476.0352325439453,820.7296600341797,0.954311728477478,1496.149917602539,994.6713256835938,0.9510436058044434,1499.3857879638672,904.9774780273438,0.8886566758155823,1360.784568786621,974.4324340820312,0.9417952299118042,1452.8699035644531,938.6694641113281,0.8804303407669067,1620.5666198730469,1047.4320983886719,0.9772427678108215,1541.6110229492188,1036.6438903808594,0.975193440914154,1599.7297973632812,1276.7341918945312,0.9586049318313599,1482.5873718261719,1197.5371704101562,0.9485583305358887,1634.5464477539062,1499.1144409179688,0.8074100017547607,1643.05322265625,1298.6740112304688,0.8050381541252136
1446.4820861816406,806.7976379394531,0.9928581714630127,1464.6539916992188,789.7146453857422,0.9953005313873291,1430.3827056884766,786.6513214111328,0.9300647377967834,1516.5892639160156,761.7507476806641,0.9771653413772583,1425.3759155273438,760.1960754394531,0.321527898311615,1553.5797424316406,841.3156585693359,0.9673101902008057,1469.7396850585938,805.1893920898438,0.9663315415382385,1492.431381225586,985.6101684570312,0.9533138275146484,1494.5119323730469,891.8854370117188,0.9270806908607483,1355.6679077148438,974.5653381347656,0.9453116059303284,1452.3863220214844,942.1058044433594,0.9186617136001587,1600.6731262207031,1044.0601806640625,0.9825515747070312,1520.4103240966797,1034.099609375,0.9828912019729614,1599.3035888671875,1257.9108276367188,0.9704388380050659,1463.4481048583984,1200.443115234375,0.9674331545829773,1618.3545532226562,1476.7764282226562,0.8677527904510498,1571.6261596679688,1339.6856079101562,0.8734199404716492
1442.3270416259766,790.5092620849609,0.9955275654792786,1459.3675537109375,769.9146270751953,0.9968661665916443,1425.8941040039062,770.6184234619141,0.9500594735145569,1511.5724334716797,745.1442108154297,0.9791816473007202,1423.657699584961,756.0771942138672,0.31271758675575256,1546.8783264160156,839.1932373046875,0.9702041149139404,1463.2090606689453,808.5303192138672,0.9623587727546692,1489.8610076904297,985.5959167480469,0.9567939639091492,1494.205795288086,916.5090942382812,0.90724778175354,1356.3851699829102,973.8424987792969,0.9478816986083984,1444.9116973876953,944.7798461914062,0.899144172668457,1588.5325622558594,1048.3840026855469,0.9857945442199707,1506.2673797607422,1042.5066528320312,0.984512209892273,1587.8922119140625,1264.0879516601562,0.9784587025642395,1470.2135772705078,1237.66259765625,0.9746456146240234,1616.879150390625,1474.0416870117188,0.895873486995697,1523.7201843261719,1429.7922973632812,0.8938954472541809
1429.0289916992188,779.0583190917969,0.9774311184883118,1446.1222534179688,764.2597808837891,0.9821219444274902,1420.895004272461,760.4326477050781,0.7101718187332153,1498.4271240234375,750.5351867675781,0.972724974155426,1432.2965393066406,745.7726593017578,0.2312348335981369,1539.8847045898438,839.9934692382812,0.9627774953842163,1458.186264038086,808.8182067871094,0.9431070685386658,1487.4779968261719,985.9494934082031,0.9554136991500854,1483.8202209472656,917.67919921875,0.865958571434021,1356.6536483764648,976.2172546386719,0.9427660703659058,1438.8693237304688,946.9000549316406,0.8511282205581665,1581.4671325683594,1052.9251098632812,0.9860158562660217,1499.09423828125,1047.3005676269531,0.9833794236183167,1585.9934692382812,1266.6219482421875,0.9814404249191284,1474.6459350585938,1250.9310302734375,0.9764634370803833,1620.3394165039062,1482.8173828125,0.9101703763008118,1506.9966278076172,1460.6597900390625,0.903789222240448
1431.3037567138672,766.1880340576172,0.9839783310890198,1448.3551177978516,745.8069000244141,0.9867910146713257,1419.6646270751953,746.4641036987305,0.7173616886138916,1498.48046875,731.1927490234375,0.9661777019500732,1412.3222351074219,726.473518371582,0.11724203824996948,1533.2356567382812,828.3075561523438,0.9805975556373596,1450.6883544921875,790.6600036621094,0.9687052965164185,1480.8300018310547,984.823974609375,0.9763228893280029,1481.6437377929688,920.2369995117188,0.8760371804237366,1354.7998046875,974.8521423339844,0.967776894569397,1410.5579681396484,951.8930358886719,0.8743375539779663,1564.957763671875,1059.4914855957031,0.9917433857917786,1489.995849609375,1050.2872924804688,0.9899779558181763,1582.6580505371094,1272.4100341796875,0.9920326471328735,1485.1298065185547,1270.4930419921875,0.9894062876701355,1618.2910461425781,1490.0476684570312,0.9588536620140076,1484.5205841064453,1488.8176879882812,0.9550786018371582
1407.004653930664,742.6226501464844,0.990564227104187,1424.1203002929688,721.9646148681641,0.9936862587928772,1397.359001159668,724.2966461181641,0.756466805934906,1479.9082336425781,712.7071304321289,0.9844783544540405,1399.7100524902344,712.0153884887695,0.06550239771604538,1513.7813720703125,815.1983337402344,0.9783806204795837,1444.0558776855469,787.0498352050781,0.9278971552848816,1468.35009765625,974.5024108886719,0.9707984328269958,1453.2361602783203,907.5130004882812,0.5304137468338013,1345.2143630981445,969.6156616210938,0.9455906748771667,1378.5931701660156,940.4543151855469,0.5039150714874268,1539.3601989746094,1063.1048583984375,0.9894278645515442,1468.6678161621094,1056.1854858398438,0.9804737567901611,1568.9800720214844,1279.9487915039062,0.9893576502799988,1468.333755493164,1280.6358642578125,0.9776394367218018,1611.7583312988281,1491.7842407226562,0.9466552138328552,1478.0640869140625,1496.5906372070312,0.9199730753898621
1394.162483215332,737.2882232666016,0.9893960356712341,1406.9479522705078,716.779296875,0.9944825172424316,1385.3117904663086,717.8839645385742,0.5127982497215271,1465.126724243164,700.9207992553711,0.9918754696846008,1407.8411254882812,701.6652145385742,0.06442660093307495,1503.0023193359375,807.6977691650391,0.98549485206604,1444.656967163086,785.7235107421875,0.9738053679466248,1462.8079071044922,972.7079162597656,0.9805279970169067,1468.2072296142578,928.2113342285156,0.8860787749290466,1342.5721588134766,965.6054077148438,0.9714912176132202,1410.107894897461,944.9945068359375,0.8831626176834106,1528.7296447753906,1056.1509704589844,0.9926040768623352,1460.158432006836,1050.9785766601562,0.990520715713501,1540.6250610351562,1277.0750732421875,0.9913225173950195,1447.7236633300781,1274.1281127929688,0.9879293441772461,1626.2655029296875,1477.2243041992188,0.9458304643630981,1490.734878540039,1494.6431274414062,0.9382930397987366
1365.0379104614258,712.3851699829102,0.9868773818016052,1382.6897430419922,694.9346389770508,0.9951299428939819,1365.8069458007812,692.5051574707031,0.2768748700618744,1446.0800323486328,706.9169464111328,0.9971306920051575,1403.8908233642578,688.659553527832,0.0347958505153656,1480.9920349121094,818.0997772216797,0.9821330904960632,1448.2135467529297,774.2772979736328,0.9126729369163513,1451.2181854248047,983.0975646972656,0.9722899794578552,1444.752685546875,916.3422546386719,0.37133145332336426,1341.4614334106445,972.32958984375,0.9402249455451965,1367.1426086425781,956.4213562011719,0.33773553371429443,1505.8397369384766,1068.8344421386719,0.988036036491394,1464.641128540039,1054.747314453125,0.9733745455741882,1458.1707000732422,1297.477294921875,0.9878191947937012,1430.9766693115234,1288.4834594726562,0.966917097568512,1584.2774353027344,1485.6329345703125,0.9285227656364441,1470.7544250488281,1504.5906982421875,0.8725063800811768
1337.8060913085938,697.1016387939453,0.961451530456543,1352.9089965820312,679.3400421142578,0.9832646250724792,1339.7394332885742,677.0796775817871,0.08371145278215408,1418.298080444336,692.3258438110352,0.9956432580947876,1420.302963256836,676.7224884033203,0.02984362281858921,1445.6124725341797,817.5834503173828,0.9780691862106323,1460.960433959961,762.9575042724609,0.8518466949462891,1439.8444366455078,983.90087890625,0.9661645889282227,1445.9007415771484,894.0906677246094,0.1986398547887802,1338.8550186157227,969.7368774414062,0.9238373041152954,1356.4010696411133,950.0268249511719,0.18284375965595245,1482.0314331054688,1063.8390502929688,0.9799860715866089,1493.1202697753906,1046.1562194824219,0.9462416172027588,1425.1947937011719,1286.2862548828125,0.980071485042572,1446.7167205810547,1279.5226440429688,0.9313566088676453,1497.9539794921875,1515.7321166992188,0.8901953101158142,1501.9556427001953,1496.6325073242188,0.7777416110038757
1316.538906097412,695.7551422119141,0.8927923440933228,1331.9077606201172,680.351692199707,0.9582998156547546,1320.5656433105469,678.659725189209,0.036070384085178375,1388.738265991211,703.5310440063477,0.9960571527481079,1424.2169647216797,683.4258880615234,0.042417846620082855,1413.3321533203125,824.1855010986328,0.9774792790412903,1476.1432647705078,767.7742462158203,0.8830592632293701,1414.5738220214844,998.8273010253906,0.9618914127349854,1507.246566772461,895.4215698242188,0.27221328020095825,1334.2069854736328,970.6469421386719,0.913060188293457,1372.452278137207,952.6282043457031,0.2253367155790329,1463.4686431884766,1078.1762084960938,0.9796934127807617,1512.0760040283203,1057.0772094726562,0.9551883935928345,1411.1499786376953,1320.2391967773438,0.9750803112983704,1480.467300415039,1306.9962768554688,0.9308046698570251,1452.9041748046875,1551.4141235351562,0.8408073782920837,1511.177490234375,1535.4924926757812,0.726029634475708
1287.6799907684326,694.9442367553711,0.3929435908794403,1295.4616889953613,678.3893203735352,0.49374446272850037,1288.3447341918945,680.4987602233887,0.02231016382575035,1334.7140579223633,694.8200912475586,0.956712007522583,1406.8705596923828,686.7062225341797,0.13330550491809845,1368.362159729004,833.2379455566406,0.9833921194076538,1454.789291381836,780.0998382568359,0.967651903629303,1372.9261779785156,1015.0615844726562,0.9597825407981873,1550.3856201171875,891.7674255371094,0.8369522094726562,1328.2808380126953,967.3418579101562,0.8850533366203308,1439.8367614746094,952.4741821289062,0.7012024521827698,1448.314926147461,1091.024169921875,0.9909900426864624,1507.5901336669922,1070.87646484375,0.9883968234062195,1411.4417877197266,1341.8971557617188,0.9853566288948059,1466.7278289794922,1315.5325317382812,0.9794433116912842,1432.6073455810547,1574.8475952148438,0.9050328135490417,1510.897720336914,1531.1612548828125,0.8946983218193054
1273.8770027160645,697.4777755737305,0.08662259578704834,1272.535120010376,679.0841217041016,0.08462667465209961,1273.0261421203613,682.0769729614258,0.005363850854337215,1298.6835098266602,686.7039184570312,0.8518736958503723,1383.1919860839844,674.0276985168457,0.17827148735523224,1346.1317520141602,826.0609893798828,0.9832740426063538,1457.3453979492188,774.9552917480469,0.9504013061523438,1355.4622268676758,1006.6504516601562,0.9432506561279297,1550.9764099121094,892.802978515625,0.5910540819168091,1317.9639358520508,961.3623657226562,0.7748157978057861,1450.2933502197266,942.2462463378906,0.31597113609313965,1439.8046417236328,1095.86767578125,0.9905891418457031,1517.1826477050781,1074.47509765625,0.9846515655517578,1413.723892211914,1339.6661987304688,0.9856162071228027,1475.8578796386719,1313.6419677734375,0.9744082093238831,1425.0337219238281,1573.46826171875,0.9257380962371826,1504.5251770019531,1529.615478515625,0.9026311635971069
1272.0105152130127,676.7592391967773,0.05665460601449013,1271.4974212646484,661.6382369995117,0.07915478199720383,1277.1821670532227,662.1469955444336,0.003668055636808276,1288.5404243469238,676.1599426269531,0.9471536874771118,1375.2095947265625,662.0494766235352,0.26625189185142517,1332.5604858398438,818.8637847900391,0.9538132548332214,1450.0036010742188,757.5682830810547,0.9385278820991516,1332.2529907226562,995.71240234375,0.8814065456390381,1538.0917663574219,875.982177734375,0.7830896973609924,1305.7707633972168,923.9251098632812,0.7314658164978027,1423.5925750732422,912.1156005859375,0.6015210747718811,1429.6702270507812,1087.6150207519531,0.9808415174484253,1515.3023986816406,1064.8927917480469,0.9797828793525696,1401.4724731445312,1337.4161376953125,0.9712806344032288,1470.0247955322266,1294.0353393554688,0.9677795767784119,1429.1167297363281,1591.3922119140625,0.8940064907073975,1494.0718536376953,1510.1183471679688,0.8942726254463196
1269.0207271575928,672.4210739135742,0.02691388875246048,1264.3756484985352,658.2566375732422,0.0381169393658638,1272.6956539154053,657.5443649291992,0.0026292232796549797,1270.6474342346191,670.7041168212891,0.9212097525596619,1366.7783889770508,654.8724746704102,0.36875659227371216,1300.7629318237305,822.4109802246094,0.9347801804542542,1449.9198455810547,756.9392700195312,0.9295563101768494,1304.4276885986328,1008.3811645507812,0.7882980108261108,1529.3587341308594,874.5636901855469,0.7582953572273254,1296.4204330444336,1145.3338012695312,0.5618278980255127,1420.9347839355469,866.7918395996094,0.5443968772888184,1405.670654296875,1094.2481689453125,0.9730684161186218,1510.6462707519531,1069.1415710449219,0.9745007753372192,1410.534164428711,1344.254150390625,0.9664780497550964,1512.5432434082031,1311.9569091796875,0.9673283696174622,1432.3982391357422,1592.9066162109375,0.8895349502563477,1532.0478515625,1554.12744140625,0.8953844308853149
1294.845058441162,689.6174163818359,0.03383518010377884,1285.3485298156738,672.3152084350586,0.015372758731245995,1293.0712852478027,674.9874114990234,0.007753442041575909,1279.8664741516113,682.1197891235352,0.7816600799560547,1364.8973388671875,657.6212539672852,0.6553593873977661,1281.541976928711,815.6275024414062,0.9725517630577087,1450.5485534667969,757.6029663085938,0.9660929441452026,1296.7134284973145,987.6015319824219,0.8351349830627441,1525.4593811035156,873.9916076660156,0.7959965467453003,1371.5902252197266,935.5447998046875,0.5139881372451782,1428.9337921142578,878.3265380859375,0.480752170085907,1390.0281829833984,1100.603515625,0.9891610741615295,1511.6224060058594,1074.790283203125,0.9889501929283142,1403.7028198242188,1344.1707153320312,0.9849040508270264,1537.3973693847656,1316.4066162109375,0.9851550459861755,1434.4531707763672,1589.9102783203125,0.9463741183280945,1568.9789733886719,1545.724853515625,0.9480454921722412
1306.1735000610352,689.7098541259766,0.033543411642313004,1294.9630737304688,673.1311798095703,0.011138655245304108,1304.4524230957031,675.6322937011719,0.010172250680625439,1280.4040641784668,683.0548858642578,0.7214617133140564,1372.0657348632812,662.0329437255859,0.6975460648536682,1277.7609901428223,813.2434387207031,0.972865641117096,1454.0549621582031,756.9052734375,0.9657342433929443,1301.4821319580078,984.6163635253906,0.8396672010421753,1524.7095947265625,871.0189208984375,0.7893698215484619,1372.394760131836,918.3577880859375,0.5185664892196655,1423.1592407226562,871.5934143066406,0.4716620147228241,1387.7068176269531,1090.2533569335938,0.9890788197517395,1514.2228698730469,1066.1399536132812,0.988556981086731,1396.5371551513672,1331.435546875,0.9845851063728333,1554.5840759277344,1316.7156372070312,0.9845028519630432,1433.6338653564453,1587.433349609375,0.9417923092842102,1601.3457946777344,1564.9638061523438,0.9404109716415405
1329.1756286621094,681.6743774414062,0.032688260078430176,1316.787582397461,665.0371246337891,0.008522839285433292,1328.3111267089844,666.8442840576172,0.011479290202260017,1293.3698043823242,677.5315551757812,0.6567074060440063,1388.2203216552734,659.0307159423828,0.713758647441864,1286.9985656738281,812.5547790527344,0.969176709651947,1464.4937133789062,755.5957641601562,0.9573586583137512,1303.0611877441406,985.0387573242188,0.7892163395881653,1527.0608520507812,858.8486328125,0.6819478869438171,1377.6731872558594,945.1641540527344,0.399506151676178,1433.0226135253906,892.9380493164062,0.31088605523109436,1395.3181457519531,1089.6327514648438,0.9879075884819031,1522.9716491699219,1065.3699951171875,0.9865407347679138,1403.9371643066406,1335.8802490234375,0.9833226799964905,1563.3710327148438,1321.629150390625,0.9821797609329224,1435.5076751708984,1590.9908447265625,0.9416694641113281,1599.7524719238281,1579.20166015625,0.9372714757919312
1391.7861022949219,673.5260696411133,0.03139117732644081,1376.475929260254,657.2859573364258,0.0042663258500397205,1391.1034240722656,658.5484848022461,0.019485611468553543,1323.6858749389648,674.4748382568359,0.5493185520172119,1405.999755859375,660.0919952392578,0.8161140084266663,1300.8815383911133,812.2556762695312,0.9643834829330444,1476.4797821044922,760.831298828125,0.9676164984703064,1313.3021965026855,981.6153259277344,0.7613080143928528,1532.7301635742188,837.2374877929688,0.8348109722137451,1387.2828979492188,927.943603515625,0.43031737208366394,1458.1320190429688,781.3643646240234,0.5436022877693176,1391.6584930419922,1093.9365844726562,0.9878585338592529,1518.5351257324219,1073.0386962890625,0.9892016649246216,1409.4125061035156,1338.5916748046875,0.9850200414657593,1568.9906005859375,1328.0054321289062,0.9876810312271118,1436.044174194336,1591.369384765625,0.9532268643379211,1593.2535095214844,1591.9871826171875,0.9572540521621704
1447.4456176757812,673.757080078125,0.03304510563611984,1431.1075134277344,656.1802520751953,0.0014806448016315699,1447.3160552978516,657.1459350585938,0.036374256014823914,1343.7412490844727,670.8279190063477,0.33653950691223145,1434.028579711914,658.7236175537109,0.8203816413879395,1325.4419288635254,806.5160827636719,0.9763234257698059,1497.2938385009766,762.5150146484375,0.961529016494751,1327.4558792114258,979.9625854492188,0.783036470413208,1541.7219848632812,905.4430236816406,0.6073358058929443,1396.8940887451172,929.1509704589844,0.3575112819671631,1493.509048461914,941.4954833984375,0.21951992809772491,1404.2516784667969,1094.2134399414062,0.9887239933013916,1528.9790954589844,1078.2862548828125,0.9856712222099304,1414.0046691894531,1343.3811645507812,0.9828681945800781,1570.4020690917969,1340.2669067382812,0.9791402816772461,1440.3895416259766,1593.8394775390625,0.9365857243537903,1599.99365234375,1601.044677734375,0.9241191148757935
1463.682846069336,672.9045028686523,0.04841523990035057,1446.1897277832031,653.7984924316406,0.003373968880623579,1464.22216796875,654.2529983520508,0.048720795661211014,1359.0734176635742,670.9402313232422,0.3729553818702698,1453.0505065917969,662.3613128662109,0.8041195869445801,1341.0400619506836,803.8501434326172,0.9729790687561035,1515.2005920410156,767.3092498779297,0.9608727097511292,1334.2599334716797,986.4327087402344,0.7648040056228638,1554.8464660644531,911.6009521484375,0.6420673727989197,1417.3809356689453,982.5615234375,0.36777055263519287,1495.053695678711,971.0614624023438,0.28094708919525146,1410.7533721923828,1101.56787109375,0.9873506426811218,1535.7998352050781,1089.0799560546875,0.9844632148742676,1421.7774810791016,1345.4385375976562,0.981329083442688,1569.1946105957031,1343.2545166015625,0.9791620969772339,1441.9823608398438,1597.0118408203125,0.9338985085487366,1597.7680053710938,1596.830078125,0.9282371401786804
1493.944091796875,667.7954330444336,0.07109131664037704,1478.5610961914062,648.7819976806641,0.002939951606094837,1493.0870361328125,649.1994705200195,0.08541087806224823,1384.2265548706055,664.7627639770508,0.3163541853427887,1473.477783203125,660.6726837158203,0.8531389236450195,1356.3949737548828,800.1718444824219,0.9646731019020081,1533.8009796142578,770.4748992919922,0.9678984880447388,1344.2517013549805,981.2869567871094,0.6360727548599243,1621.1128845214844,930.292236328125,0.7217682003974915,1437.3365020751953,988.0883483886719,0.2530415952205658,1579.3765258789062,992.0925903320312,0.32532793283462524,1417.022445678711,1104.6175537109375,0.983367919921875,1544.8269653320312,1095.2694702148438,0.9842337965965271,1428.0914306640625,1351.2517700195312,0.9761181473731995,1571.0807495117188,1349.2838745117188,0.9799051284790039,1443.717529296875,1603.33740234375,0.9264799356460571,1588.9382629394531,1602.7030029296875,0.9343814849853516
1522.4484405517578,673.2653427124023,0.09191709756851196,1509.0015869140625,653.7415008544922,0.003617640817537904,1521.127456665039,654.4181213378906,0.11799592524766922,1416.1887512207031,664.9580001831055,0.31935498118400574,1501.049331665039,658.2912673950195,0.8224065899848938,1372.460506439209,791.2000885009766,0.9664426445960999,1552.0485382080078,771.9090576171875,0.9688932299613953,1356.1419372558594,966.6122436523438,0.6806380748748779,1592.7497253417969,912.3074645996094,0.7360422015190125,1432.1654891967773,1005.2615966796875,0.28344717621803284,1496.600357055664,948.6917419433594,0.3487405478954315,1420.8573150634766,1094.7637329101562,0.9862608313560486,1549.2578887939453,1086.5020141601562,0.98658686876297,1431.2173156738281,1351.9140014648438,0.9785193800926208,1577.60693359375,1350.159423828125,0.9809838533401489,1440.8512115478516,1608.590576171875,0.9218353629112244,1588.273681640625,1611.2613525390625,0.9278689622879028
1546.380126953125,670.6185455322266,0.09078530222177505,1534.4382629394531,650.8468246459961,0.002065479988232255,1543.2184600830078,653.9733047485352,0.11531396955251694,1435.0735549926758,664.2678451538086,0.38630884885787964,1524.1434783935547,656.265625,0.8431293368339539,1393.094497680664,789.7295227050781,0.9766858220100403,1564.4155883789062,773.9228820800781,0.9772089719772339,1379.0064811706543,959.1437377929688,0.7821851372718811,1624.3352966308594,918.6056518554688,0.8224130272865295,1428.4173202514648,1030.5283813476562,0.40539684891700745,1565.1260528564453,877.4425659179688,0.44398149847984314,1435.6891174316406,1103.025146484375,0.9902037382125854,1554.3480529785156,1097.7381591796875,0.9904284477233887,1439.2913665771484,1356.072265625,0.9841961860656738,1586.3108825683594,1357.7926635742188,0.9848812818527222,1443.5091171264648,1603.3243408203125,0.9418409466743469,1589.9837036132812,1618.236083984375,0.9406991004943848
1559.7044982910156,669.6238479614258,0.08178074657917023,1547.3615264892578,649.6904067993164,0.001956983469426632,1555.9859161376953,652.8927536010742,0.10546965152025223,1448.7079620361328,663.4613418579102,0.40816986560821533,1538.7453155517578,656.5381088256836,0.8689459562301636,1405.848533630371,787.3852996826172,0.9729171991348267,1575.171371459961,779.3994750976562,0.9841256141662598,1396.0963096618652,966.7302551269531,0.7199110388755798,1640.3963928222656,923.7226257324219,0.9233927130699158,1447.9104919433594,1027.3856811523438,0.3678360879421234,1634.1312255859375,811.9568176269531,0.6694374084472656,1440.7840423583984,1103.0289306640625,0.9890027046203613,1559.0727233886719,1100.8251953125,0.9920433163642883,1447.474349975586,1359.7847900390625,0.9813517928123474,1592.9880676269531,1362.86376953125,0.9873656034469604,1441.2936706542969,1605.7880859375,0.9303553104400635,1601.1349792480469,1621.3966064453125,0.9436973929405212
1560.8817291259766,670.4510498046875,0.0647086575627327,1547.8399505615234,650.7486953735352,0.0016824586782604456,1559.658462524414,651.9310073852539,0.09710084646940231,1448.3143844604492,660.4822158813477,0.3628856837749481,1541.7542724609375,658.0252227783203,0.8533075451850891,1401.311897277832,786.4007568359375,0.9389132857322693,1565.2635803222656,771.9074554443359,0.9830359816551208,1411.2842636108398,950.8524475097656,0.4458458721637726,1641.8840026855469,919.7266540527344,0.9396755695343018,1508.3887786865234,980.0199890136719,0.17865236103534698,1666.8680725097656,816.6487731933594,0.7076770067214966,1442.3645706176758,1096.5092163085938,0.9802992343902588,1560.9017181396484,1093.2401733398438,0.990497887134552,1448.844825744629,1352.0371704101562,0.9689936637878418,1592.2711791992188,1354.6082763671875,0.9869765639305115,1442.6291580200195,1604.991943359375,0.9011924266815186,1590.5521240234375,1612.1529541015625,0.9442638754844666
1572.6892700195312,667.054573059082,0.08505477011203766,1561.2384643554688,646.5097961425781,0.0019303702283650637,1569.5137176513672,649.0900573730469,0.11521486192941666,1462.623291015625,657.0061798095703,0.3658158481121063,1550.6584167480469,655.7820663452148,0.8982038497924805,1416.9801025390625,783.0768280029297,0.9533504843711853,1572.847152709961,772.2839813232422,0.9815776944160461,1439.6468811035156,951.4012451171875,0.5118392109870911,1644.1549377441406,925.0083923339844,0.9135399460792542,1582.2974090576172,938.7322082519531,0.21594981849193573,1650.3486022949219,869.2952575683594,0.6228445768356323,1445.5080490112305,1100.49755859375,0.9834750890731812,1560.0800018310547,1099.64404296875,0.9903680086135864,1447.7091751098633,1358.5278930664062,0.9739516973495483,1597.6403503417969,1360.197021484375,0.9863379597663879,1438.453468322754,1603.7178955078125,0.9159982204437256,1597.309814453125,1620.9354248046875,0.9432204961776733
1583.6583099365234,669.6225051879883,0.07103711366653442,1571.7162780761719,650.0705642700195,0.0016198708908632398,1581.3200988769531,651.1372299194336,0.11332310736179352,1472.5442504882812,658.8249816894531,0.35149604082107544,1567.2975463867188,655.3720245361328,0.8643777370452881,1425.9375534057617,782.1879730224609,0.9472196102142334,1587.4731750488281,775.0380249023438,0.985501229763031,1431.5431060791016,956.604248046875,0.4782521724700928,1639.5288696289062,936.4967956542969,0.948748767375946,1499.7545166015625,993.9168701171875,0.19944670796394348,1664.401611328125,833.3938293457031,0.747868537902832,1448.1409912109375,1104.8115234375,0.9822637438774109,1565.2073059082031,1104.3363647460938,0.9914498925209045,1451.9804992675781,1359.9924926757812,0.9724465608596802,1601.3176574707031,1364.5321655273438,0.9884992241859436,1442.6265182495117,1608.5233154296875,0.9127665758132935,1594.7834167480469,1620.885986328125,0.9510954022407532
1581.7308654785156,669.9027099609375,0.02071683295071125,1569.000991821289,651.5054016113281,0.001465505687519908,1581.1868896484375,652.7770919799805,0.022023558616638184,1491.8609619140625,662.0741882324219,0.5764002203941345,1592.4210510253906,658.0483169555664,0.779659628868103,1446.4104843139648,780.9953918457031,0.977959156036377,1612.7356567382812,780.2379455566406,0.9867404103279114,1434.6038360595703,948.6548156738281,0.8016629815101624,1639.4481201171875,949.1290588378906,0.9447625279426575,1435.1380081176758,1072.0372009277344,0.461052805185318,1681.3124084472656,859.7249145507812,0.7488099336624146,1460.1123275756836,1101.9137573242188,0.9908953905105591,1576.4682312011719,1102.8670654296875,0.9932317733764648,1460.7833938598633,1360.2447509765625,0.9824803471565247,1600.5941162109375,1365.2131958007812,0.9881268739700317,1444.0507049560547,1610.1019287109375,0.9277216792106628,1591.2189483642578,1621.4447021484375,0.9438046216964722
1575.2015686035156,673.6071395874023,0.012600892223417759,1562.8743896484375,655.4768371582031,0.0018373425118625164,1576.8683166503906,656.6179351806641,0.009553018026053905,1499.087173461914,664.9557037353516,0.7231155633926392,1604.5254516601562,658.3434829711914,0.7377384305000305,1456.5475845336914,779.0167846679688,0.9524441361427307,1627.6203308105469,784.5262298583984,0.9786615371704102,1474.3861694335938,940.7245788574219,0.4784238934516907,1649.4575500488281,955.7473754882812,0.8681678175926208,1578.609359741211,916.5482788085938,0.13498342037200928,1674.0682373046875,866.809326171875,0.4281274378299713,1460.6986694335938,1105.4951171875,0.9834797382354736,1582.5068054199219,1109.7489013671875,0.9896802306175232,1462.5322341918945,1363.9124145507812,0.970285952091217,1604.4962615966797,1371.2117309570312,0.9834924936294556,1447.984275817871,1609.630859375,0.899905800819397,1594.312484741211,1622.1971435546875,0.9321302175521851
1536.5757293701172,679.7438659667969,0.0166239645332098,1530.0572509765625,662.8906936645508,0.01941385678946972,1543.126220703125,661.9074935913086,0.0021307850256562233,1523.1425476074219,671.3929901123047,0.9544500708580017,1616.362060546875,669.9363861083984,0.6062372326850891,1464.900245666504,776.2061004638672,0.9827508330345154,1645.4468383789062,790.7647247314453,0.9777697920799255,1415.4526863098145,943.5962219238281,0.8761081695556641,1651.1099243164062,963.547607421875,0.8255335688591003,1477.8262252807617,1010.20458984375,0.5448209643363953,1666.995849609375,983.640380859375,0.45804888010025024,1461.6862716674805,1103.1577758789062,0.9916244149208069,1586.805435180664,1107.6455078125,0.9903417825698853,1457.5944061279297,1361.6978759765625,0.9821124076843262,1604.4041290283203,1366.604736328125,0.9799791574478149,1448.0530090332031,1608.2779541015625,0.9153695106506348,1597.0155944824219,1615.5548095703125,0.9096471071243286
1531.5397033691406,678.15771484375,0.01310163177549839,1524.2979431152344,661.3602828979492,0.019861694425344467,1540.1583099365234,659.1235809326172,0.0015126330545172095,1523.90478515625,665.314079284668,0.9591649174690247,1622.2830200195312,668.9034881591797,0.5445936322212219,1462.2123413085938,783.2113037109375,0.9837555885314941,1652.6847839355469,796.9744415283203,0.9705276489257812,1399.6870346069336,952.1761169433594,0.8865349292755127,1657.080322265625,969.3059997558594,0.6975120306015015,1396.1849517822266,1033.9489135742188,0.5105205178260803,1669.6172485351562,1012.78759765625,0.2780580520629883,1455.3238220214844,1105.52001953125,0.9908607006072998,1588.6928100585938,1110.4413452148438,0.9872289896011353,1449.3988037109375,1358.78369140625,0.9775137901306152,1602.8353881835938,1368.0377197265625,0.9689234495162964,1450.8771209716797,1604.1434326171875,0.8886550664901733,1598.3522338867188,1615.7784423828125,0.8641085624694824
1504.5149688720703,679.2957077026367,0.02144165337085724,1498.1785430908203,662.1698532104492,0.041483066976070404,1513.454574584961,659.7048034667969,0.001294741639867425,1508.3379364013672,665.4206695556641,0.9760532975196838,1605.7129516601562,671.4890899658203,0.44910043478012085,1458.6980590820312,785.8709564208984,0.9855157136917114,1648.0388793945312,801.7373352050781,0.9669898748397827,1401.7457122802734,952.2767333984375,0.9241710305213928,1638.8040466308594,973.4418334960938,0.6242599487304688,1356.630620956421,1049.15234375,0.6336846351623535,1559.5958099365234,996.2073974609375,0.25356242060661316,1459.473861694336,1106.8562622070312,0.992115318775177,1590.1758575439453,1110.8049926757812,0.9874790906906128,1445.670913696289,1357.36181640625,0.9840453863143921,1595.0765380859375,1369.814697265625,0.9736425280570984,1443.1833190917969,1595.5115966796875,0.9248663187026978,1598.2969360351562,1622.9154052734375,0.8951966166496277
1489.3597259521484,676.8721084594727,0.02550838142633438,1485.1521911621094,659.4672546386719,0.042015235871076584,1496.8101654052734,657.425407409668,0.001741830725222826,1493.3887939453125,664.3918685913086,0.9699308276176453,1589.93359375,670.0634841918945,0.46848875284194946,1446.731300354004,785.0806274414062,0.9868239164352417,1630.9671325683594,797.9551696777344,0.9723968505859375,1402.006980895996,950.3055114746094,0.9369367361068726,1631.1249084472656,967.0672912597656,0.7169755101203918,1351.0380630493164,1069.0631103515625,0.7042934894561768,1583.8627624511719,999.457763671875,0.35663777589797974,1453.4382019042969,1098.7100830078125,0.9932476282119751,1583.13134765625,1101.8428955078125,0.9899423122406006,1435.7009048461914,1340.6038208007812,0.9881409406661987,1592.1528625488281,1360.2382202148438,0.9820006489753723,1429.9464721679688,1570.621337890625,0.9500160813331604,1593.0370483398438,1621.577880859375,0.9321975708007812
1452.3873901367188,682.2432022094727,0.030799981206655502,1447.5229949951172,664.2944107055664,0.03984028100967407,1457.0247650146484,664.7669143676758,0.0021636197343468666,1449.6246795654297,670.5831756591797,0.9539942741394043,1549.4979400634766,670.5175857543945,0.5094777941703796,1420.2980422973633,794.6332092285156,0.9888660311698914,1603.201416015625,793.4684906005859,0.9753854870796204,1390.088752746582,962.8428039550781,0.9562242031097412,1622.2843627929688,951.8756103515625,0.7687435746192932,1337.6988773345947,1093.7847290039062,0.7990526556968689,1552.1419982910156,1013.3470153808594,0.4465738832950592,1443.9666061401367,1108.5250854492188,0.994192898273468,1571.8688507080078,1107.9008178710938,0.9915255904197693,1420.50927734375,1345.9448852539062,0.989797830581665,1584.1443786621094,1365.1736450195312,0.9840137362480164,1401.8972778320312,1561.8480834960938,0.956708550453186,1599.0546569824219,1626.7723388671875,0.9374335408210754
1423.3113708496094,690.1402359008789,0.029007090255618095,1417.6605377197266,670.7360458374023,0.026050368323922157,1427.5845031738281,670.060417175293,0.004127592779695988,1417.493667602539,676.8734130859375,0.9134715795516968,1514.2207641601562,672.9615631103516,0.48840808868408203,1391.7318420410156,798.9867706298828,0.987860381603241,1574.777587890625,793.2500762939453,0.9682362079620361,1372.5863342285156,972.9006042480469,0.9397692680358887,1592.67919921875,948.5235290527344,0.6625052690505981,1335.1501274108887,1111.2832641601562,0.6952323317527771,1526.0574188232422,1040.2016296386719,0.31009942293167114,1429.1456604003906,1110.0433959960938,0.9932918548583984,1557.9830780029297,1104.974609375,0.9891002774238586,1404.0138702392578,1353.6035766601562,0.987598717212677,1577.0180053710938,1364.8179321289062,0.9804388284683228,1374.6056289672852,1584.8087768554688,0.9443588256835938,1602.5376281738281,1624.1971435546875,0.9247909188270569
1325.8078441619873,701.1983947753906,0.033781807869672775,1325.848768234253,685.6647338867188,0.0579969622194767,1331.1700019836426,685.9677505493164,0.00365123781375587,1341.1952209472656,694.2412872314453,0.9320025444030762,1426.7884216308594,685.798095703125,0.3456021249294281,1333.6445121765137,822.2104339599609,0.95552659034729,1501.7137603759766,792.9065093994141,0.9078472256660461,1340.1829147338867,1004.5486145019531,0.897408664226532,1545.2406463623047,954.0589904785156,0.6925407648086548,1321.6188697814941,1153.9729614257812,0.7615705132484436,1530.2473449707031,1073.0648498535156,0.5138723254203796,1390.143898010254,1116.060546875,0.9782716631889343,1507.9507446289062,1103.9791259765625,0.9701734781265259,1366.8118133544922,1367.9152221679688,0.9671705961227417,1542.9921569824219,1362.9915771484375,0.9559959173202515,1361.7997512817383,1638.1756591796875,0.8716543316841125,1602.0330505371094,1632.58740234375,0.851424515247345
1292.4768981933594,693.7462158203125,0.06725163012742996,1294.4626731872559,677.7987899780273,0.11631426215171814,1297.419511795044,678.3918151855469,0.004405973944813013,1317.2177848815918,687.6493072509766,0.950650691986084,1398.7196655273438,680.107063293457,0.3501196801662445,1310.9352188110352,813.3424530029297,0.9657292366027832,1476.6744232177734,786.5021057128906,0.9465163350105286,1323.971263885498,990.8145446777344,0.9370729923248291,1521.4827880859375,952.3289489746094,0.8766130208969116,1306.2134284973145,1141.9579467773438,0.8703213334083557,1536.2053833007812,1101.8509521484375,0.7936539053916931,1372.2858047485352,1106.3336791992188,0.9871150255203247,1489.434799194336,1094.4205932617188,0.9845690727233887,1350.0361022949219,1363.82177734375,0.9795403480529785,1529.1985778808594,1340.1351928710938,0.9758085012435913,1362.3777389526367,1625.9302978515625,0.9132628440856934,1587.435546875,1590.1825561523438,0.9075685739517212
1261.768165588379,667.0086517333984,0.108335942029953,1264.4584999084473,652.2508163452148,0.1784103959798813,1266.6225242614746,652.4399337768555,0.005927870515733957,1286.803394317627,664.0646820068359,0.9701513648033142,1367.6793975830078,659.4289474487305,0.3712839186191559,1276.8250732421875,789.9605865478516,0.9690006971359253,1441.518081665039,765.6876068115234,0.9535787105560303,1280.1309814453125,971.7237548828125,0.9440093636512756,1488.0130004882812,934.7531433105469,0.8893463015556335,1257.5679416656494,1122.2632446289062,0.8879159092903137,1510.7260437011719,1069.6074829101562,0.8141220808029175,1343.2255935668945,1081.499755859375,0.9875525236129761,1459.453384399414,1070.4949035644531,0.9853029251098633,1328.599494934082,1341.453369140625,0.9796079397201538,1483.6082458496094,1312.4010009765625,0.9757663607597351,1354.9500122070312,1605.4942626953125,0.9115176796913147,1530.1304931640625,1548.4935913085938,0.9061242938041687
1251.7667694091797,668.5480575561523,0.08072317391633987,1252.2888717651367,650.278076171875,0.08575962483882904,1254.7064590454102,651.5075836181641,0.005098453722894192,1271.452262878418,659.496696472168,0.9252486824989319,1350.740249633789,656.9567718505859,0.37940704822540283,1262.7725219726562,786.0158996582031,0.9881238341331482,1423.3622741699219,762.8113250732422,0.981227695941925,1258.8124084472656,965.8576354980469,0.9697162508964539,1475.2304077148438,928.2368469238281,0.9205291271209717,1223.8242797851562,1113.9791870117188,0.9225705862045288,1507.1697082519531,1064.9852600097656,0.8379830121994019,1336.0547637939453,1073.5660705566406,0.9930258989334106,1451.0462646484375,1061.0738525390625,0.9918416738510132,1324.2361755371094,1325.4854736328125,0.9907587766647339,1458.0027465820312,1304.7536010742188,0.9884164929389954,1354.7335510253906,1584.9071044921875,0.959186851978302,1496.9390563964844,1535.2550659179688,0.9544311761856079
1236.430564880371,664.6716537475586,0.16266702115535736,1239.0021514892578,646.0491638183594,0.22650663554668427,1237.3675689697266,646.3446350097656,0.004909331910312176,1264.8149719238281,653.8033065795898,0.9718680381774902,1339.4864654541016,654.2507095336914,0.39066633582115173,1244.6969528198242,780.0535583496094,0.9894848465919495,1408.873046875,760.6226348876953,0.9834499955177307,1229.4272689819336,954.0303955078125,0.9711153507232666,1464.3428955078125,928.5300598144531,0.902254045009613,1189.296236038208,1096.4950561523438,0.9181682467460632,1491.5332336425781,1064.728271484375,0.7802692651748657,1318.0285034179688,1066.4091796875,0.9928291440010071,1430.1073303222656,1054.7036437988281,0.9915602803230286,1319.1140899658203,1317.8126831054688,0.9874623417854309,1432.1503295898438,1307.7249755859375,0.9836952686309814,1361.942398071289,1572.6888427734375,0.9324020743370056,1445.0487060546875,1552.52294921875,0.9212684631347656
1223.8342590332031,657.0397338867188,0.2970356345176697,1229.8900756835938,640.5752410888672,0.40957197546958923,1226.7662887573242,640.3339691162109,0.007499495521187782,1259.613868713379,657.0565948486328,0.9835763573646545,1330.671890258789,655.9736480712891,0.34984493255615234,1236.4363098144531,782.5650177001953,0.9884968996047974,1397.5892944335938,764.8410034179688,0.9809027910232544,1211.0381088256836,954.1814270019531,0.9700927138328552,1454.2315368652344,928.4868469238281,0.8771591186523438,1163.9944248199463,1080.0606689453125,0.9210325479507446,1479.0855102539062,1061.1529541015625,0.7468312978744507,1306.569351196289,1066.3329467773438,0.9914942979812622,1415.2610473632812,1055.5534362792969,0.9896369576454163,1313.9908599853516,1313.3778686523438,0.9857828617095947,1412.6013793945312,1304.3226318359375,0.9802993535995483,1350.5172119140625,1573.4549560546875,0.9248219132423401,1397.5883483886719,1550.2411499023438,0.9098052978515625
1226.1066055297852,663.055046081543,0.15123558044433594,1228.7744522094727,646.1579437255859,0.24839137494564056,1229.542137145996,645.5750045776367,0.007240828592330217,1254.372817993164,658.115119934082,0.9827792048454285,1334.5506896972656,657.3114776611328,0.41553550958633423,1236.1157150268555,782.5762481689453,0.989335834980011,1397.0968933105469,766.7998046875,0.9837161302566528,1205.801368713379,950.5031433105469,0.9695243835449219,1446.7499694824219,929.5207824707031,0.9162285327911377,1158.892002105713,1072.4273681640625,0.9134508371353149,1475.1313171386719,1057.60009765625,0.8128859400749207,1300.1861267089844,1065.5001525878906,0.9921987652778625,1407.3616943359375,1056.3057861328125,0.9907376170158386,1312.1883697509766,1318.3988647460938,0.9822410941123962,1391.1058044433594,1309.1243896484375,0.9780797958374023,1347.080825805664,1579.0264282226562,0.8820160031318665,1361.4535217285156,1555.3836059570312,0.8718906044960022
1227.8269271850586,659.9672470092773,0.203160360455513,1231.7604217529297,644.8764724731445,0.32889729738235474,1233.7304763793945,646.1632843017578,0.008070221170783043,1257.2671508789062,659.4540023803711,0.9821345806121826,1334.3610229492188,660.4922790527344,0.3741893470287323,1236.0618057250977,786.8290710449219,0.9652953743934631,1394.978515625,771.3732452392578,0.9564819931983948,1204.6307067871094,954.6119689941406,0.9389679431915283,1435.4385681152344,934.3393249511719,0.8995401859283447,1154.5753288269043,1071.7923889160156,0.8835417628288269,1459.66162109375,1064.5105590820312,0.8295433521270752,1294.3948059082031,1068.0248413085938,0.9836300015449524,1395.5999755859375,1060.0319519042969,0.9819375276565552,1300.90625,1315.6524658203125,0.9601753950119019,1376.9430847167969,1302.0101928710938,0.9554373621940613,1343.7807006835938,1576.1016845703125,0.796562671661377,1370.4720611572266,1562.9232788085938,0.7897896766662598
1231.7383041381836,659.5914611816406,0.14634796977043152,1235.8381805419922,643.6759948730469,0.2594603896141052,1236.2965087890625,643.460075378418,0.0057713333517313,1262.0996551513672,660.8154678344727,0.9871953725814819,1339.0570526123047,661.7145538330078,0.43843507766723633,1233.6689834594727,785.2861480712891,0.9907324314117432,1396.5489807128906,774.8094024658203,0.9868322610855103,1206.5212326049805,947.7788696289062,0.9717116355895996,1431.5267333984375,940.9385681152344,0.9297252893447876,1163.0672340393066,1070.0704345703125,0.9170056581497192,1447.7068786621094,1068.0099182128906,0.8328347206115723,1284.3639068603516,1063.2393798828125,0.9938532114028931,1390.0653686523438,1057.0970153808594,0.9928943514823914,1286.086898803711,1299.8147583007812,0.9893004298210144,1371.615707397461,1288.942626953125,0.9869458079338074,1343.3866271972656,1541.7017822265625,0.9458585977554321,1354.6087951660156,1510.5235595703125,0.9416727423667908
1246.0215606689453,666.3262557983398,0.038846421986818314,1244.202896118164,649.8696365356445,0.05715946480631828,1250.2772521972656,649.4375,0.0025784613098949194,1258.8802185058594,659.6119232177734,0.965519368648529,1345.2621307373047,660.3679962158203,0.5391029119491577,1235.3882751464844,777.0373229980469,0.990290105342865,1397.6911315917969,770.6305389404297,0.9870395064353943,1213.8163299560547,940.4450378417969,0.966829240322113,1427.2230834960938,930.7108459472656,0.9375917315483093,1182.1881484985352,1072.2476196289062,0.8840030431747437,1438.3191528320312,1056.9546203613281,0.8214514255523682,1278.396224975586,1059.5296630859375,0.9938148260116577,1382.5603790283203,1055.5591735839844,0.9931381344795227,1264.2760009765625,1280.0819091796875,0.9853084683418274,1366.2581787109375,1288.4904174804688,0.9835251569747925,1344.002700805664,1509.7760009765625,0.9171084761619568,1346.1805877685547,1516.7216186523438,0.9114609360694885
1239.3200454711914,664.2825546264648,0.050483644008636475,1238.2437438964844,648.2282104492188,0.07701083272695541,1243.471321105957,647.5557556152344,0.00354192778468132,1255.0401000976562,656.1343383789062,0.9701850414276123,1335.3091583251953,660.7655792236328,0.535396933555603,1228.355110168457,776.5345306396484,0.9913085699081421,1388.5489349365234,772.5583648681641,0.9884172081947327,1218.502426147461,935.4954833984375,0.9683268666267395,1415.8123474121094,935.0846252441406,0.9450201988220215,1195.82177734375,1069.7723083496094,0.8958883881568909,1427.9105224609375,1062.8458251953125,0.8508154153823853,1269.0743560791016,1049.658203125,0.9943476319313049,1374.6041259765625,1045.942138671875,0.9937572479248047,1232.1331634521484,1256.949462890625,0.9885174036026001,1361.2240753173828,1271.3155517578125,0.9877551198005676,1305.9983673095703,1447.7202758789062,0.943543016910553,1349.0648040771484,1482.396484375,0.9406356811523438
1225.2370300292969,665.5392990112305,0.047710247337818146,1223.4021224975586,649.9051818847656,0.07724291831254959,1229.0780715942383,650.4384384155273,0.0016098645282909274,1239.2576522827148,660.106689453125,0.9732031226158142,1321.2334747314453,663.0491409301758,0.5242072939872742,1215.439353942871,774.3232879638672,0.9902868270874023,1373.915756225586,772.8563690185547,0.9861759543418884,1211.6913223266602,935.959228515625,0.967228889465332,1397.5104370117188,932.5663452148438,0.9193554520606995,1191.4722137451172,1070.0333251953125,0.8867228031158447,1402.9147033691406,1060.5074768066406,0.7700157761573792,1251.5822296142578,1050.0213623046875,0.9933384656906128,1357.8925323486328,1049.9942626953125,0.9924242496490479,1203.994758605957,1246.8056640625,0.9844551086425781,1352.3385162353516,1277.3323364257812,0.9806880950927734,1248.3831100463867,1457.7216796875,0.9093252420425415,1344.2098693847656,1495.7470092773438,0.8892224431037903
1198.105079650879,685.5204162597656,0.03142429515719414,1194.7504425048828,669.7351303100586,0.048731107264757156,1201.1348190307617,669.8581085205078,0.0012937425635755062,1207.0140533447266,678.3847045898438,0.9657460451126099,1287.4561004638672,677.8365020751953,0.47555842995643616,1190.1862869262695,793.8692016601562,0.9902083873748779,1343.2735595703125,787.4430694580078,0.9741482734680176,1188.5199279785156,949.6835021972656,0.9609524011611938,1359.7508392333984,935.744384765625,0.7148557901382446,1172.4676475524902,1091.6902465820312,0.8288692831993103,1364.4388885498047,1063.8124694824219,0.39597946405410767,1232.7223739624023,1066.3526000976562,0.9927628636360168,1336.549789428711,1062.7295837402344,0.9884377121925354,1203.3688659667969,1271.9009399414062,0.9846580028533936,1340.5894317626953,1279.5389404296875,0.9725836515426636,1184.838062286377,1468.1033325195312,0.9199361801147461,1340.5089263916016,1486.042236328125,0.8796791434288025
1146.758388519287,695.6065979003906,0.041214846074581146,1144.829460144043,680.4916877746582,0.04564189538359642,1149.8131065368652,681.4206008911133,0.0022814341355115175,1157.1490783691406,692.3338623046875,0.9471150040626526,1232.7484741210938,694.9683456420898,0.4479857385158539,1147.5289688110352,816.3691101074219,0.9905791878700256,1288.8595581054688,797.3431091308594,0.970280110836029,1153.6903533935547,972.3050537109375,0.9577794671058655,1321.6665954589844,942.9929504394531,0.6362406015396118,1141.3776016235352,1103.0044250488281,0.7949638962745667,1323.048110961914,1063.6490783691406,0.3039309084415436,1202.2273178100586,1070.2800903320312,0.9927164912223816,1300.965103149414,1061.160400390625,0.9874750971794128,1184.9772415161133,1268.3667602539062,0.9866865873336792,1317.712631225586,1273.5618286132812,0.975375771522522,1163.2798500061035,1461.2589721679688,0.9386993646621704,1335.7600860595703,1478.8818359375,0.9047532677650452
1121.2315559387207,681.9649200439453,0.013426385819911957,1115.7991828918457,667.275764465332,0.010006940923631191,1125.7269134521484,668.278190612793,0.0018327614525333047,1116.70267868042,677.3391876220703,0.8724542856216431,1194.169792175293,673.4126625061035,0.5879997611045837,1113.1386051177979,797.490966796875,0.989682137966156,1253.8634948730469,773.4662933349609,0.9864591360092163,1116.9254760742188,948.9758911132812,0.9564031362533569,1290.1905517578125,921.5147705078125,0.9356390833854675,1098.254653930664,1077.8971557617188,0.8289582133293152,1308.7276611328125,1043.0550842285156,0.7904981374740601,1162.5354309082031,1043.3341064453125,0.993919849395752,1261.150146484375,1032.7649536132812,0.9935557246208191,1149.2607116699219,1257.7810668945312,0.9867520332336426,1273.4120178222656,1244.4182739257812,0.9859060049057007,1160.5673294067383,1468.9915771484375,0.9300562739372253,1316.3548583984375,1438.6920166015625,0.9288598895072937
1097.2225799560547,682.2646179199219,0.013285265304148197,1091.1786193847656,667.2914505004883,0.011866414919495583,1101.110752105713,668.561466217041,0.0016176708741113544,1093.3300857543945,674.9700622558594,0.9115697741508484,1175.3935623168945,671.7715682983398,0.5936704277992249,1089.5919151306152,790.9570770263672,0.9895910620689392,1234.9052276611328,768.6340026855469,0.9870986342430115,1084.56929397583,938.9755859375,0.9532894492149353,1271.3931884765625,910.1274108886719,0.9363900423049927,1063.62113571167,1058.8508911132812,0.8217405080795288,1293.36767578125,1027.6679992675781,0.7916461229324341,1135.090217590332,1036.2959594726562,0.9937394857406616,1235.2260131835938,1026.7643127441406,0.9934937357902527,1134.9486389160156,1240.00927734375,0.9872122406959534,1246.7995910644531,1216.2184448242188,0.98638516664505,1166.394874572754,1457.2039184570312,0.9407545924186707,1285.039047241211,1387.897216796875,0.9420512914657593
1072.4610214233398,680.3546371459961,0.03107568807899952,1068.6080322265625,665.7516212463379,0.030003389343619347,1074.7744369506836,666.6844902038574,0.0023073600605130196,1074.564208984375,674.0662536621094,0.9217581748962402,1154.635009765625,673.8615570068359,0.5782253742218018,1068.8375854492188,788.2994689941406,0.9905385971069336,1209.9371643066406,771.4008636474609,0.9871009588241577,1046.5011901855469,932.8477478027344,0.9683216214179993,1243.664566040039,907.23876953125,0.9331268668174744,1013.5627918243408,1043.83837890625,0.8776613473892212,1260.4621276855469,1020.2038269042969,0.7870915532112122,1117.0106811523438,1029.7020568847656,0.9942295551300049,1211.6031341552734,1022.0035095214844,0.9937119483947754,1122.2194442749023,1234.32373046875,0.9858400821685791,1209.9078063964844,1227.58203125,0.9835906624794006,1166.335952758789,1448.3709106445312,0.914612352848053,1230.7998809814453,1425.6080322265625,0.9077208638191223
1061.6045303344727,684.8703079223633,0.04569964110851288,1058.149528503418,669.8974533081055,0.04080212861299515,1064.1313247680664,670.3892288208008,0.00460484204813838,1064.5131378173828,677.2366790771484,0.8747042417526245,1140.9675598144531,674.4827194213867,0.5027377605438232,1060.2367858886719,789.7842102050781,0.9868857860565186,1195.4427185058594,775.0379333496094,0.9783963561058044,1029.5102005004883,934.1786499023438,0.9602217078208923,1216.9384155273438,914.4080505371094,0.8772985935211182,985.4980945587158,1044.4193115234375,0.8641565442085266,1235.4798583984375,1027.4359741210938,0.6966245174407959,1106.0760498046875,1027.6969604492188,0.9908349514007568,1193.8277282714844,1020.8976745605469,0.9886386394500732,1111.9309539794922,1228.6008911132812,0.978449285030365,1171.0429229736328,1225.2499389648438,0.9724418520927429,1161.8163604736328,1444.4838256835938,0.8716183304786682,1171.3739318847656,1435.4148559570312,0.8550095558166504
1054.333480834961,694.393196105957,0.036144550889730453,1049.6545104980469,679.7038497924805,0.028512805700302124,1057.2021179199219,680.5178604125977,0.003977000247687101,1051.696418762207,687.0803833007812,0.8799168467521667,1130.136001586914,682.5689468383789,0.5056706666946411,1044.2071685791016,795.1609497070312,0.9874311685562134,1183.7325286865234,781.9522094726562,0.979488730430603,1016.3897171020508,932.3573913574219,0.9631626009941101,1207.863037109375,919.90966796875,0.8844914436340332,972.9886360168457,1041.0736694335938,0.8778279423713684,1223.5687561035156,1029.3176574707031,0.7162305116653442,1089.442886352539,1027.6416015625,0.9924773573875427,1177.0392608642578,1022.1171264648438,0.9906076192855835,1101.41943359375,1224.3482055664062,0.9868490695953369,1149.2320404052734,1214.0785522460938,0.9825841784477234,1163.0433197021484,1428.622802734375,0.9389902949333191,1133.889419555664,1393.0867919921875,0.9312096834182739
1039.407241821289,684.0938949584961,0.024127047508955002,1034.9961471557617,669.9394989013672,0.022626115009188652,1042.4564819335938,669.8448791503906,0.002544065471738577,1038.3205490112305,676.3113098144531,0.9137017726898193,1116.6442413330078,675.5274353027344,0.5962967276573181,1025.7862243652344,783.7412109375,0.9915949702262878,1168.2135314941406,771.9070434570312,0.9890713691711426,1006.5876541137695,926.1585693359375,0.9699631333351135,1192.3145446777344,908.4827880859375,0.9440134167671204,973.0958557128906,1034.2784118652344,0.8837684392929077,1203.3179016113281,1014.7135009765625,0.820342481136322,1072.4308471679688,1022.9361572265625,0.9950359463691711,1162.5755310058594,1016.2576904296875,0.994584858417511,1072.9960327148438,1207.236572265625,0.9893202781677246,1147.9099426269531,1199.8751831054688,0.9882452487945557,1139.8567810058594,1389.8988647460938,0.949164867401123,1148.0725402832031,1382.4548950195312,0.9475489258766174
1017.0066146850586,684.7235260009766,0.022428540512919426,1012.7618026733398,670.4992065429688,0.02058335952460766,1019.3505249023438,670.8634262084961,0.0026514853816479445,1017.3408966064453,674.9465255737305,0.8817534446716309,1090.1697692871094,672.3468017578125,0.5718153119087219,1010.1239624023438,779.4510803222656,0.9909528493881226,1146.8529815673828,766.2553863525391,0.9868191480636597,997.4568481445312,923.4421997070312,0.9640881419181824,1169.2319793701172,899.6680603027344,0.9249093532562256,972.4198036193848,1042.2655944824219,0.8549616932868958,1179.186279296875,1012.1540222167969,0.7673895359039307,1058.964454650879,1018.630126953125,0.993959903717041,1146.947036743164,1012.8941345214844,0.9932070374488831,1029.4912567138672,1195.2522583007812,0.9839537143707275,1136.4666900634766,1213.9390869140625,0.9822497367858887,1119.4947052001953,1372.2890014648438,0.9063238501548767,1139.6379089355469,1405.6302490234375,0.8972722291946411
991.3749465942383,681.9803009033203,0.017148572951555252,986.8366355895996,668.0959167480469,0.012892692349851131,994.4642181396484,668.9183349609375,0.002641002181917429,988.8221244812012,676.1303253173828,0.843678891658783,1066.923324584961,673.8255462646484,0.46404004096984863,991.8594665527344,780.5577239990234,0.9895493984222412,1123.5767211914062,764.2708587646484,0.9647772312164307,986.6592864990234,919.4147338867188,0.9506097435951233,1137.100814819336,889.6089477539062,0.5791977047920227,966.2281951904297,1040.7940673828125,0.7271459102630615,1111.1321868896484,1009.6542053222656,0.23380093276500702,1041.6986999511719,1012.6600646972656,0.9920777678489685,1133.1584014892578,1006.4609375,0.9860098361968994,1005.371467590332,1186.2437133789062,0.9786948561668396,1129.3821258544922,1219.9459838867188,0.9619339108467102,1072.9330444335938,1366.9125366210938,0.8720374703407288,1140.2182006835938,1412.7109985351562,0.8070254921913147
970.143367767334,696.9680862426758,0.033535148948431015,966.2982635498047,681.8567123413086,0.022376811131834984,971.85595703125,682.2132720947266,0.007441822439432144,967.2054748535156,688.7663192749023,0.7960280179977417,1035.3204956054688,680.1722640991211,0.48669517040252686,964.6599731445312,785.2448120117188,0.987037181854248,1094.9528503417969,766.1886749267578,0.9525588154792786,971.4384422302246,924.0437927246094,0.9432698488235474,1097.5429229736328,901.389892578125,0.5163713693618774,960.8156585693359,1052.0330505371094,0.7398620843887329,1065.1474609375,1025.9704895019531,0.2330368310213089,1014.0485610961914,1030.2135009765625,0.9912642240524292,1110.4365997314453,1021.8794860839844,0.9833803176879883,991.7638320922852,1208.2998046875,0.983374834060669,1117.8219604492188,1218.6431884765625,0.9683889150619507,1006.7319946289062,1383.0604248046875,0.9197342991828918,1128.7093658447266,1402.1983642578125,0.8768517971038818
910.7954807281494,713.1186904907227,0.029646391049027443,906.9310874938965,698.439323425293,0.02176573872566223,911.4175815582275,699.2658920288086,0.00656109070405364,907.6588115692139,704.8137359619141,0.765290379524231,976.9641571044922,696.1224212646484,0.4544087052345276,914.1429233551025,807.6192474365234,0.9780985116958618,1031.4974060058594,782.9579010009766,0.9395514130592346,922.3285369873047,941.1222229003906,0.8444602489471436,1026.0831298828125,905.6778259277344,0.44170039892196655,921.7750415802002,1061.1217346191406,0.45063459873199463,985.2988586425781,1030.0966491699219,0.15870851278305054,963.5764770507812,1034.2360534667969,0.9858594536781311,1053.9524688720703,1023.5238647460938,0.9776309132575989,944.5554122924805,1209.0515747070312,0.9749245643615723,1075.4574737548828,1205.9130859375,0.9619086384773254,944.8170204162598,1381.1239013671875,0.906623363494873,1123.5659484863281,1375.3672485351562,0.8822036385536194
882.6832180023193,698.3990097045898,0.023393452167510986,879.2066268920898,684.5665512084961,0.020939622074365616,885.6968269348145,685.7205810546875,0.0022662209812551737,887.1432456970215,692.0255889892578,0.9031811356544495,955.200439453125,682.7933044433594,0.47861048579216003,889.6413955688477,790.7752380371094,0.9914700388908386,1011.8311920166016,767.2429351806641,0.9707170724868774,894.1248474121094,923.9653930664062,0.9612627029418945,1030.01611328125,889.2118225097656,0.6468643546104431,884.2715530395508,1046.0905456542969,0.7891915440559387,1020.2289428710938,1006.1067504882812,0.3053743839263916,936.8239822387695,1009.5524291992188,0.9939286708831787,1022.2998352050781,999.4440002441406,0.9890677332878113,923.3796997070312,1196.3794555664062,0.9884899258613586,1022.3463287353516,1182.2739868164062,0.9776735305786133,932.588737487793,1378.3382568359375,0.9420480132102966,1085.5394287109375,1334.9465942382812,0.9139561653137207
851.4105224609375,690.2746276855469,0.03332207351922989,847.8643455505371,677.0988616943359,0.03418359160423279,853.4697799682617,677.9897155761719,0.002123546088114381,854.3379898071289,684.1284027099609,0.9342158436775208,924.3864288330078,678.2455215454102,0.5276713371276855,854.4450531005859,783.8140869140625,0.9912191033363342,980.2623901367188,763.5747528076172,0.9811564683914185,830.887622833252,920.8538208007812,0.9685364961624146,1012.5146331787109,888.8921813964844,0.8273094892501831,798.6324653625488,1030.890625,0.8584269881248474,1021.5990142822266,993.1956481933594,0.5457844734191895,904.5144882202148,1005.9669799804688,0.9941715598106384,993.0554962158203,995.6166381835938,0.9918674826622009,911.9207382202148,1190.7355346679688,0.9882155656814575,993.687744140625,1176.9742431640625,0.9819251298904419,941.7918090820312,1378.89599609375,0.9388718605041504,1015.3897399902344,1347.084228515625,0.9212973713874817
821.0101928710938,692.2019119262695,0.06682036817073822,819.8219299316406,681.5243911743164,0.08522563427686691,824.1542739868164,681.1494369506836,0.006498269736766815,824.9126815795898,685.1620254516602,0.9435188174247742,895.097412109375,680.7317962646484,0.381862610578537,824.1220321655273,784.7533721923828,0.9633610844612122,949.9674224853516,766.8256683349609,0.9449197053909302,785.8423767089844,915.3785400390625,0.9360669255256653,984.060791015625,894.554931640625,0.8516641855239868,728.9134111404419,999.6260681152344,0.8791055679321289,1003.9365539550781,994.5879516601562,0.7590506672859192,879.6467895507812,991.3050231933594,0.9805019497871399,961.5848083496094,982.3067932128906,0.9769231081008911,895.7946624755859,1170.3453979492188,0.9650654196739197,959.9180145263672,1162.4734497070312,0.9581798911094666,934.44189453125,1365.9785766601562,0.852767288684845,954.0526885986328,1352.8216552734375,0.8423165678977966
803.5794982910156,694.4067916870117,0.05032716691493988,802.3362579345703,682.5815277099609,0.08109746128320694,807.8927917480469,683.5529251098633,0.0056236134842038155,809.8509368896484,688.0266036987305,0.9558413624763489,883.0,684.4908294677734,0.3250761032104492,808.0209579467773,788.7315826416016,0.9700127243995667,936.0812683105469,771.7325439453125,0.9489508867263794,765.8727111816406,914.8771362304688,0.9471745491027832,969.0055236816406,901.7457580566406,0.8347164392471313,707.6875648498535,987.58154296875,0.8846825957298279,988.1922912597656,998.4611511230469,0.7107729315757751,860.6742553710938,998.1994018554688,0.9858042001724243,941.6362609863281,988.3605346679688,0.9817251563072205,891.0727691650391,1179.2509155273438,0.9734854698181152,926.5721130371094,1161.5012817382812,0.965268075466156,944.0857543945312,1366.4967651367188,0.8793250322341919,904.5279693603516,1321.8057250976562,0.8681977987289429
801.7685852050781,697.328483581543,0.05267985165119171,800.1810455322266,686.4090118408203,0.08041601628065109,805.3976898193359,686.098030090332,0.00484887370839715,803.6745452880859,690.0308456420898,0.9697871208190918,874.598876953125,688.0617904663086,0.3441096544265747,798.2925109863281,791.1932525634766,0.9674545526504517,927.3881225585938,775.4030609130859,0.9516665935516357,761.2071380615234,913.8336486816406,0.948971152305603,957.4704895019531,903.3675537109375,0.881189227104187,701.3282814025879,993.3994750976562,0.8954933285713196,977.3281555175781,1002.4147033691406,0.7982708215713501,851.0859527587891,997.4658203125,0.9887669682502747,928.6142578125,991.164306640625,0.9865433573722839,886.1777038574219,1176.3147583007812,0.9813279509544373,910.2261505126953,1167.9517822265625,0.9777752757072449,936.9580993652344,1355.2130126953125,0.916914701461792,892.2895202636719,1340.593994140625,0.9121062159538269
779.7627563476562,691.5896224975586,0.0382995568215847,777.1944885253906,678.6754302978516,0.04959891363978386,782.5081405639648,678.98388671875,0.0029936498031020164,785.1352005004883,686.0080261230469,0.9606924653053284,850.2164916992188,683.3413162231445,0.5887501239776611,773.7973251342773,779.9930419921875,0.9916020035743713,902.6457214355469,768.2716979980469,0.9887942671775818,755.932258605957,902.3767395019531,0.9707523584365845,932.1021728515625,891.0893859863281,0.9440370798110962,723.3241958618164,995.5562133789062,0.8898550868034363,944.1744384765625,984.6434936523438,0.8258428573608398,818.4845428466797,992.5275268554688,0.994986891746521,900.9014282226562,986.9763793945312,0.9945420622825623,814.2746887207031,1151.525634765625,0.9895323514938354,902.3214263916016,1157.7957763671875,0.988842248916626,900.5481109619141,1301.7531127929688,0.9526277184486389,903.7977905273438,1326.8024291992188,0.9502500891685486
736.0826835632324,695.1400299072266,0.027974087744951248,734.4761848449707,684.2778015136719,0.04072766378521919,739.4514427185059,684.2323684692383,0.0032126051373779774,740.7361831665039,688.2967910766602,0.9171685576438904,807.6284027099609,683.9505844116211,0.38151106238365173,740.7512016296387,781.5901794433594,0.9639989733695984,857.1524047851562,766.4702606201172,0.9291090369224548,739.4126510620117,909.1799011230469,0.9254750609397888,873.8177032470703,882.7192687988281,0.7612728476524353,732.9852256774902,1013.37841796875,0.8322299122810364,880.6601104736328,973.6434326171875,0.604806125164032,784.5088577270508,986.6572875976562,0.98292475938797,864.7787170410156,980.9333801269531,0.976994514465332,749.7882232666016,1144.6170654296875,0.971258282661438,873.8282623291016,1160.4314575195312,0.961421012878418,801.8919982910156,1311.3877563476562,0.8887286186218262,888.5359954833984,1329.9888305664062,0.8690575957298279
714.819149017334,709.8249893188477,0.0629265233874321,713.1253890991211,696.1153106689453,0.05788501352071762,716.1140251159668,696.5397186279297,0.009808357805013657,723.1423530578613,698.0987777709961,0.9000165462493896,780.1680068969727,692.2469482421875,0.40029528737068176,722.4043197631836,787.2686004638672,0.9877046346664429,840.4295349121094,767.4010925292969,0.9762439131736755,730.8012504577637,912.2183532714844,0.9551417827606201,873.8849639892578,884.6534118652344,0.8593647480010986,726.7032051086426,1019.8331909179688,0.8631395101547241,872.3944244384766,962.1980590820312,0.7017123103141785,769.0100173950195,993.5312194824219,0.9928789734840393,856.3414154052734,985.3884582519531,0.9907958507537842,739.7527694702148,1148.5029907226562,0.9904198050498962,870.6249389648438,1157.7811279296875,0.9879706501960754,749.6757125854492,1314.0394897460938,0.9600759744644165,890.1799621582031,1326.6303100585938,0.9537979364395142
671.0400314331055,721.0339126586914,0.15400154888629913,670.1911087036133,707.815071105957,0.12346570938825607,671.4985313415527,708.7021789550781,0.029437430202960968,680.6743927001953,710.893798828125,0.8870922923088074,738.619140625,709.5040283203125,0.3272034227848053,681.6386604309082,805.8206481933594,0.9878702759742737,792.7917175292969,786.2132415771484,0.9511431455612183,698.5797500610352,928.7382507324219,0.9527718424797058,802.5369110107422,900.2156372070312,0.5400334000587463,702.7764663696289,1033.3654174804688,0.813251256942749,784.2118377685547,1013.3056030273438,0.2960834205150604,724.0557022094727,1008.6810607910156,0.991418719291687,807.1067657470703,999.6337280273438,0.9831715226173401,701.1090316772461,1172.5945434570312,0.987356424331665,843.9473419189453,1165.3109741210938,0.9754088521003723,666.7627296447754,1320.8362426757812,0.9378035664558411,882.6354064941406,1319.2994995117188,0.9085707068443298
622.7420558929443,701.5822372436523,0.03481541946530342,620.0083103179932,688.6702117919922,0.032758548855781555,625.1795825958252,690.2051620483398,0.0028980663046240807,631.3074226379395,695.8255233764648,0.9294118285179138,690.949462890625,688.5388946533203,0.423087477684021,639.3062515258789,784.694580078125,0.9910500049591064,743.2678375244141,765.8516998291016,0.9634687304496765,642.6003684997559,904.5622253417969,0.9614494442939758,754.4477081298828,881.8035278320312,0.5598687529563904,628.9708099365234,1011.8882751464844,0.7841601371765137,721.8021545410156,991.1541748046875,0.24429583549499512,673.8546295166016,986.9977111816406,0.9933239817619324,753.0095672607422,981.6784973144531,0.986839234828949,644.8163185119629,1140.805908203125,0.9874273538589478,758.8788299560547,1147.5209350585938,0.9728537797927856,663.4612045288086,1304.4677124023438,0.9389036893844604,827.4890441894531,1273.4671020507812,0.8995083570480347
607.2479629516602,698.1615524291992,0.02925991825759411,604.6773796081543,686.2379302978516,0.03105434775352478,611.3624076843262,687.0552139282227,0.002261703833937645,613.3760299682617,696.3022689819336,0.9430773258209229,677.6356353759766,687.4370880126953,0.3681357502937317,621.6488723754883,778.2994842529297,0.9894192218780518,729.0539703369141,762.8560943603516,0.9675836563110352,618.5390548706055,903.0759582519531,0.9582164287567139,704.8580932617188,804.1962585449219,0.6709851026535034,589.0617446899414,1003.4288024902344,0.7621634602546692,625.4075355529785,765.0458679199219,0.3255952000617981,655.7628860473633,987.9033508300781,0.994836688041687,735.4545135498047,981.2964477539062,0.991121768951416,642.8128890991211,1151.6594848632812,0.9901371002197266,733.2165069580078,1140.3204345703125,0.980530858039856,662.3188247680664,1317.874755859375,0.9499233961105347,789.1337738037109,1265.6561889648438,0.9248225092887878
575.6860198974609,695.6990051269531,0.18438337743282318,577.5634384155273,685.6231460571289,0.23609568178653717,578.3756866455078,686.0827331542969,0.010231401771306992,591.2019348144531,691.7964859008789,0.9620741009712219,647.3029632568359,686.0057487487793,0.333293616771698,582.8953094482422,783.3707275390625,0.9652916193008423,698.817626953125,765.9163055419922,0.9163987636566162,557.1788215637207,897.4662475585938,0.9301863312721252,723.7183074951172,870.1678771972656,0.6719767451286316,523.0925664901733,976.4103393554688,0.8449411392211914,724.816650390625,971.4544677734375,0.5103721022605896,628.4391784667969,978.6679077148438,0.9785948395729065,703.4405517578125,969.537841796875,0.9682263135910034,632.555534362793,1144.935302734375,0.9634597301483154,693.3611755371094,1131.4026489257812,0.9448943734169006,664.4405212402344,1314.9942016601562,0.8409345149993896,699.05859375,1285.5638427734375,0.8091004490852356
557.7030944824219,704.4873962402344,0.06840410828590393,555.562385559082,692.138111114502,0.08038203418254852,558.9925537109375,692.2579460144043,0.002567288000136614,565.9059066772461,695.431266784668,0.9412451982498169,629.7747955322266,694.7296752929688,0.4249378442764282,560.1035919189453,778.3638305664062,0.9868822693824768,676.4966125488281,772.2238006591797,0.9735425114631653,532.5806579589844,893.0935668945312,0.9672102928161621,702.1844940185547,889.4437866210938,0.826930046081543,489.2373237609863,974.6328735351562,0.8821612596511841,718.3498687744141,981.7298889160156,0.5936651229858398,601.1839599609375,978.599853515625,0.9908449053764343,674.7458953857422,975.1697387695312,0.9873419404029846,615.5926361083984,1144.1658630371094,0.9765087962150574,648.6368103027344,1138.5517578125,0.9627794623374939,664.8750305175781,1319.96923828125,0.8478981852531433,640.2112579345703,1292.3419189453125,0.8117992877960205
536.7776412963867,705.5354156494141,0.07893691211938858,536.3919296264648,693.3262596130371,0.10260295867919922,538.5556488037109,693.2889823913574,0.0037527887616306543,550.6627044677734,699.6079750061035,0.9557927846908569,610.9095611572266,700.0227508544922,0.4249032437801361,545.1508941650391,785.4409332275391,0.9900861382484436,656.5766906738281,780.3855285644531,0.984657347202301,515.5825958251953,897.5505065917969,0.9714213609695435,687.32080078125,894.8741455078125,0.9074361324310303,475.73901748657227,986.693359375,0.9008222222328186,700.4952850341797,986.5523376464844,0.7550313472747803,588.824462890625,974.4329223632812,0.9934350252151489,655.8719787597656,970.8854064941406,0.992056667804718,598.8964385986328,1139.3910522460938,0.9872844219207764,615.8143005371094,1122.9858703613281,0.982977032661438,667.4115142822266,1312.4564208984375,0.9292570948600769,612.0459594726562,1270.15234375,0.92328941822052
513.1299362182617,689.9632148742676,0.13697963953018188,514.6909027099609,678.4896621704102,0.1947980672121048,515.8040237426758,678.7521781921387,0.006888619624078274,531.7187728881836,688.3536567687988,0.9794501066207886,590.9710083007812,690.1722068786621,0.49180155992507935,521.8507461547852,777.2341461181641,0.9920282959938049,634.3981323242188,770.6672668457031,0.9888306260108948,508.4984817504883,891.3434448242188,0.9738708734512329,659.4411773681641,883.7160186767578,0.9448723793029785,477.2044792175293,984.6174926757812,0.9100984930992126,673.1035614013672,973.4307861328125,0.8453674912452698,564.9640502929688,971.9378356933594,0.9949787259101868,636.0642395019531,966.6962585449219,0.9944175481796265,568.5380630493164,1131.021728515625,0.9895728230476379,616.5713348388672,1126.6995849609375,0.9884422421455383,635.785400390625,1270.9755249023438,0.9454735517501831,620.5355834960938,1274.4642333984375,0.9439919590950012
471.9853096008301,686.7325096130371,0.19718094170093536,475.893856048584,676.2279090881348,0.33498936891555786,475.1414566040039,676.3647499084473,0.012053938582539558,497.4123229980469,689.1579055786133,0.9835156798362732,548.5097961425781,690.5347633361816,0.34424054622650146,493.2033462524414,779.7111053466797,0.9896794557571411,589.8243255615234,766.8484954833984,0.9858483076095581,491.63693618774414,892.7369842529297,0.9687300324440002,618.1122283935547,877.7364959716797,0.9423285722732544,475.80138778686523,985.9695129394531,0.9180741906166077,636.0695190429688,963.5821533203125,0.8726166486740112,544.2923049926758,972.3429565429688,0.991987943649292,595.3807067871094,966.04296875,0.9913874268531799,551.4705352783203,1119.6693115234375,0.9823291897773743,526.3943939208984,1110.3076477050781,0.9804091453552246,616.5249328613281,1258.3500366210938,0.9052351713180542,615.9598541259766,1247.5322875976562,0.9034297466278076
450.4679317474365,687.0139770507812,0.29450488090515137,456.6084861755371,676.4800796508789,0.4968614876270294,453.5573978424072,676.8406677246094,0.018370071426033974,482.66474533081055,689.1494369506836,0.9874112010002136,532.8667678833008,692.6013488769531,0.29387038946151733,470.101505279541,772.9096221923828,0.9899141788482666,571.8951568603516,762.8742294311523,0.9851523637771606,483.1713066101074,889.5595550537109,0.9674362540245056,599.23291015625,874.6630249023438,0.9369942545890808,470.6195602416992,989.210205078125,0.9131026268005371,615.1813201904297,959.2103576660156,0.8653675317764282,525.0131759643555,968.0556335449219,0.9924486875534058,592.3843688964844,960.6723327636719,0.9917057752609253,499.78043365478516,1116.4268188476562,0.9812595248222351,594.1747283935547,1125.5626525878906,0.9801725745201111,559.1783142089844,1257.184814453125,0.86756831407547,617.5135192871094,1278.5587158203125,0.8629167675971985
505.34192657470703,697.890308380127,0.1510218381881714,498.3551788330078,686.197681427002,0.008407927118241787,502.30579376220703,686.2485542297363,0.1286391317844391,456.9852066040039,698.3668594360352,0.1554429978132248,488.5018539428711,693.585391998291,0.8870207667350769,443.5715522766113,777.2507629394531,0.9090017080307007,511.8511047363281,767.2078170776367,0.9311392903327942,440.44580268859863,899.9800720214844,0.36998656392097473,501.45873260498047,877.3128509521484,0.5029597878456116,446.4141216278076,1007.3462829589844,0.14017970860004425,475.9959716796875,991.3710632324219,0.2256615310907364,475.21108627319336,977.7895202636719,0.9419134855270386,540.939567565918,971.8014221191406,0.9526678323745728,446.2118282318115,1140.9111633300781,0.8825004696846008,563.2962036132812,1125.6742553710938,0.9101120233535767,438.2369689941406,1285.8137817382812,0.5827391147613525,605.0286102294922,1276.7247924804688,0.6462059617042542
472.7940559387207,711.78662109375,0.289981484413147,470.72472381591797,702.3937492370605,0.016315558925271034,466.6337203979492,702.5274276733398,0.20341531932353973,436.59142112731934,707.7073287963867,0.042022932320833206,441.4255771636963,711.2137145996094,0.6713271141052246,421.0148735046387,775.5166854858398,0.5589069128036499,453.4434700012207,778.5273742675781,0.8547499179840088,436.8352870941162,889.0985717773438,0.13322781026363373,473.4452896118164,884.5059661865234,0.7042495608329773,476.21083068847656,942.2109069824219,0.08269130438566208,476.3992004394531,945.7444152832031,0.5057903528213501,427.83920097351074,970.1039428710938,0.7437042593955994,467.5171432495117,968.8249206542969,0.8677113056182861,451.1143608093262,1134.0003662109375,0.6520964503288269,514.5337677001953,1125.0006408691406,0.8048347234725952,552.4764862060547,1273.164794921875,0.34842216968536377,593.0255737304688,1265.093994140625,0.46217527985572815
425.29920196533203,699.215259552002,0.05599261075258255,427.3549060821533,690.7625560760498,0.017507441341876984,422.93414878845215,690.0786190032959,0.014150265604257584,423.03405570983887,695.2886047363281,0.10298777371644974,419.8839273452759,693.3414764404297,0.17698636651039124,437.3453617095947,759.8756408691406,0.554182231426239,437.6554260253906,757.9293212890625,0.5022662281990051,449.7067565917969,853.0250396728516,0.3256624639034271,454.55277252197266,853.4494781494141,0.3011883497238159,459.4607582092285,925.2931518554688,0.2594743072986603,458.0082778930664,924.6292419433594,0.26675543189048767,439.2725639343262,950.3137512207031,0.7051835060119629,441.16761016845703,948.4447937011719,0.6973736882209778,463.98104095458984,1104.8107604980469,0.6467505097389221,466.6875534057617,1101.728759765625,0.645501971244812,565.0017852783203,1228.2854614257812,0.3878960907459259,556.5449371337891,1229.6297607421875,0.386745423078537
